<?xml version="1.0" encoding="utf-8"?>
<ENVELOPE>
  <BODY>
    <IMPORTDATA>
      <REQUESTDATA>
        <TALLYMESSAGE>
          <VOUCHER>
            <DATE>20220831</DATE>
            <VOUCHERTYPENAME>Credit Note</VOUCHERTYPENAME>
            <PARTYLEDGERNAME>Cash</PARTYLEDGERNAME>
            <VOUCHERNUMBER>MAR2223126</VOUCHERNUMBER>
            <ALLLEDGERENTRIES.LIST>
              <LEDGERNAME>Cash</LEDGERNAME>
              <ISDEEMEDPOSITIVE>No</ISDEEMEDPOSITIVE>
              <AMOUNT>95</AMOUNT>
            </ALLLEDGERENTRIES.LIST>
            <ALLLEDGERENTRIES.LIST>
              <LEDGERNAME>CGST Payable</LEDGERNAME>
              <ISDEEMEDPOSITIVE>Yes</ISDEEMEDPOSITIVE>
              <AMOUNT>-7.25</AMOUNT>
            </ALLLEDGERENTRIES.LIST>
            <ALLLEDGERENTRIES.LIST>
              <LEDGERNAME>SGST Payable</LEDGERNAME>
              <ISDEEMEDPOSITIVE>Yes</ISDEEMEDPOSITIVE>
              <AMOUNT>-7.25</AMOUNT>
            </ALLLEDGERENTRIES.LIST>
            <ALLLEDGERENTRIES.LIST>
              <LEDGERNAME>Sales</LEDGERNAME>
              <ISDEEMEDPOSITIVE>Yes</ISDEEMEDPOSITIVE>
              <AMOUNT>-80.5</AMOUNT>
            </ALLLEDGERENTRIES.LIST>
          </VOUCHER>
        </TALLYMESSAGE>
        <TALLYMESSAGE>
          <VOUCHER>
            <DATE>20220830</DATE>
            <VOUCHERTYPENAME>Credit Note</VOUCHERTYPENAME>
            <PARTYLEDGERNAME>Cash</PARTYLEDGERNAME>
            <VOUCHERNUMBER>MAR2223125</VOUCHERNUMBER>
            <ALLLEDGERENTRIES.LIST>
              <LEDGERNAME>Cash</LEDGERNAME>
              <ISDEEMEDPOSITIVE>No</ISDEEMEDPOSITIVE>
              <AMOUNT>265</AMOUNT>
            </ALLLEDGERENTRIES.LIST>
            <ALLLEDGERENTRIES.LIST>
              <LEDGERNAME>CGST Payable</LEDGERNAME>
              <ISDEEMEDPOSITIVE>Yes</ISDEEMEDPOSITIVE>
              <AMOUNT>-14.2</AMOUNT>
            </ALLLEDGERENTRIES.LIST>
            <ALLLEDGERENTRIES.LIST>
              <LEDGERNAME>SGST Payable</LEDGERNAME>
              <ISDEEMEDPOSITIVE>Yes</ISDEEMEDPOSITIVE>
              <AMOUNT>-14.2</AMOUNT>
            </ALLLEDGERENTRIES.LIST>
            <ALLLEDGERENTRIES.LIST>
              <LEDGERNAME>Sales</LEDGERNAME>
              <ISDEEMEDPOSITIVE>Yes</ISDEEMEDPOSITIVE>
              <AMOUNT>-236.6</AMOUNT>
            </ALLLEDGERENTRIES.LIST>
          </VOUCHER>
        </TALLYMESSAGE>
        <TALLYMESSAGE>
          <VOUCHER>
            <DATE>20220829</DATE>
            <VOUCHERTYPENAME>Credit Note</VOUCHERTYPENAME>
            <PARTYLEDGERNAME>Cash</PARTYLEDGERNAME>
            <VOUCHERNUMBER>MAR2223124</VOUCHERNUMBER>
            <ALLLEDGERENTRIES.LIST>
              <LEDGERNAME>Cash</LEDGERNAME>
              <ISDEEMEDPOSITIVE>No</ISDEEMEDPOSITIVE>
              <AMOUNT>137</AMOUNT>
            </ALLLEDGERENTRIES.LIST>
            <ALLLEDGERENTRIES.LIST>
              <LEDGERNAME>CGST Payable</LEDGERNAME>
              <ISDEEMEDPOSITIVE>Yes</ISDEEMEDPOSITIVE>
              <AMOUNT>-7.34</AMOUNT>
            </ALLLEDGERENTRIES.LIST>
            <ALLLEDGERENTRIES.LIST>
              <LEDGERNAME>SGST Payable</LEDGERNAME>
              <ISDEEMEDPOSITIVE>Yes</ISDEEMEDPOSITIVE>
              <AMOUNT>-7.34</AMOUNT>
            </ALLLEDGERENTRIES.LIST>
            <ALLLEDGERENTRIES.LIST>
              <LEDGERNAME>Sales</LEDGERNAME>
              <ISDEEMEDPOSITIVE>Yes</ISDEEMEDPOSITIVE>
              <AMOUNT>-122.32</AMOUNT>
            </ALLLEDGERENTRIES.LIST>
          </VOUCHER>
        </TALLYMESSAGE>
        <TALLYMESSAGE>
          <VOUCHER>
            <DATE>20220828</DATE>
            <VOUCHERTYPENAME>Credit Note</VOUCHERTYPENAME>
            <PARTYLEDGERNAME>Cash</PARTYLEDGERNAME>
            <VOUCHERNUMBER>MAR2223123</VOUCHERNUMBER>
            <ALLLEDGERENTRIES.LIST>
              <LEDGERNAME>Cash</LEDGERNAME>
              <ISDEEMEDPOSITIVE>No</ISDEEMEDPOSITIVE>
              <AMOUNT>193</AMOUNT>
            </ALLLEDGERENTRIES.LIST>
            <ALLLEDGERENTRIES.LIST>
              <LEDGERNAME>CGST Payable</LEDGERNAME>
              <ISDEEMEDPOSITIVE>Yes</ISDEEMEDPOSITIVE>
              <AMOUNT>-12.42</AMOUNT>
            </ALLLEDGERENTRIES.LIST>
            <ALLLEDGERENTRIES.LIST>
              <LEDGERNAME>SGST Payable</LEDGERNAME>
              <ISDEEMEDPOSITIVE>Yes</ISDEEMEDPOSITIVE>
              <AMOUNT>-12.42</AMOUNT>
            </ALLLEDGERENTRIES.LIST>
            <ALLLEDGERENTRIES.LIST>
              <LEDGERNAME>Sales</LEDGERNAME>
              <ISDEEMEDPOSITIVE>Yes</ISDEEMEDPOSITIVE>
              <AMOUNT>-168.16</AMOUNT>
            </ALLLEDGERENTRIES.LIST>
          </VOUCHER>
        </TALLYMESSAGE>
        <TALLYMESSAGE>
          <VOUCHER>
            <DATE>20220828</DATE>
            <VOUCHERTYPENAME>Credit Note</VOUCHERTYPENAME>
            <PARTYLEDGERNAME>Cash</PARTYLEDGERNAME>
            <VOUCHERNUMBER>MF222323</VOUCHERNUMBER>
            <ALLLEDGERENTRIES.LIST>
              <LEDGERNAME>Cash</LEDGERNAME>
              <ISDEEMEDPOSITIVE>No</ISDEEMEDPOSITIVE>
              <AMOUNT>30</AMOUNT>
            </ALLLEDGERENTRIES.LIST>
            <ALLLEDGERENTRIES.LIST>
              <LEDGERNAME>CGST Payable</LEDGERNAME>
              <ISDEEMEDPOSITIVE>Yes</ISDEEMEDPOSITIVE>
              <AMOUNT>-0.71</AMOUNT>
            </ALLLEDGERENTRIES.LIST>
            <ALLLEDGERENTRIES.LIST>
              <LEDGERNAME>SGST Payable</LEDGERNAME>
              <ISDEEMEDPOSITIVE>Yes</ISDEEMEDPOSITIVE>
              <AMOUNT>-0.71</AMOUNT>
            </ALLLEDGERENTRIES.LIST>
            <ALLLEDGERENTRIES.LIST>
              <LEDGERNAME>Sales</LEDGERNAME>
              <ISDEEMEDPOSITIVE>Yes</ISDEEMEDPOSITIVE>
              <AMOUNT>-28.58</AMOUNT>
            </ALLLEDGERENTRIES.LIST>
          </VOUCHER>
        </TALLYMESSAGE>
        <TALLYMESSAGE>
          <VOUCHER>
            <DATE>20220827</DATE>
            <VOUCHERTYPENAME>Credit Note</VOUCHERTYPENAME>
            <PARTYLEDGERNAME>Cash</PARTYLEDGERNAME>
            <VOUCHERNUMBER>MF222322</VOUCHERNUMBER>
            <ALLLEDGERENTRIES.LIST>
              <LEDGERNAME>Cash</LEDGERNAME>
              <ISDEEMEDPOSITIVE>No</ISDEEMEDPOSITIVE>
              <AMOUNT>150</AMOUNT>
            </ALLLEDGERENTRIES.LIST>
            <ALLLEDGERENTRIES.LIST>
              <LEDGERNAME>CGST Payable</LEDGERNAME>
              <ISDEEMEDPOSITIVE>Yes</ISDEEMEDPOSITIVE>
              <AMOUNT>-11.44</AMOUNT>
            </ALLLEDGERENTRIES.LIST>
            <ALLLEDGERENTRIES.LIST>
              <LEDGERNAME>SGST Payable</LEDGERNAME>
              <ISDEEMEDPOSITIVE>Yes</ISDEEMEDPOSITIVE>
              <AMOUNT>-11.44</AMOUNT>
            </ALLLEDGERENTRIES.LIST>
            <ALLLEDGERENTRIES.LIST>
              <LEDGERNAME>Sales</LEDGERNAME>
              <ISDEEMEDPOSITIVE>Yes</ISDEEMEDPOSITIVE>
              <AMOUNT>-127.12</AMOUNT>
            </ALLLEDGERENTRIES.LIST>
          </VOUCHER>
        </TALLYMESSAGE>
        <TALLYMESSAGE>
          <VOUCHER>
            <DATE>20220826</DATE>
            <VOUCHERTYPENAME>Credit Note</VOUCHERTYPENAME>
            <PARTYLEDGERNAME>Cash</PARTYLEDGERNAME>
            <VOUCHERNUMBER>MAR2223122</VOUCHERNUMBER>
            <ALLLEDGERENTRIES.LIST>
              <LEDGERNAME>Cash</LEDGERNAME>
              <ISDEEMEDPOSITIVE>No</ISDEEMEDPOSITIVE>
              <AMOUNT>108</AMOUNT>
            </ALLLEDGERENTRIES.LIST>
            <ALLLEDGERENTRIES.LIST>
              <LEDGERNAME>CGST Payable</LEDGERNAME>
              <ISDEEMEDPOSITIVE>Yes</ISDEEMEDPOSITIVE>
              <AMOUNT>-8.24</AMOUNT>
            </ALLLEDGERENTRIES.LIST>
            <ALLLEDGERENTRIES.LIST>
              <LEDGERNAME>SGST Payable</LEDGERNAME>
              <ISDEEMEDPOSITIVE>Yes</ISDEEMEDPOSITIVE>
              <AMOUNT>-8.24</AMOUNT>
            </ALLLEDGERENTRIES.LIST>
            <ALLLEDGERENTRIES.LIST>
              <LEDGERNAME>Sales</LEDGERNAME>
              <ISDEEMEDPOSITIVE>Yes</ISDEEMEDPOSITIVE>
              <AMOUNT>-91.52</AMOUNT>
            </ALLLEDGERENTRIES.LIST>
          </VOUCHER>
        </TALLYMESSAGE>
        <TALLYMESSAGE>
          <VOUCHER>
            <DATE>20220822</DATE>
            <VOUCHERTYPENAME>Credit Note</VOUCHERTYPENAME>
            <PARTYLEDGERNAME>Cash</PARTYLEDGERNAME>
            <VOUCHERNUMBER>MAR2223120</VOUCHERNUMBER>
            <ALLLEDGERENTRIES.LIST>
              <LEDGERNAME>Cash</LEDGERNAME>
              <ISDEEMEDPOSITIVE>No</ISDEEMEDPOSITIVE>
              <AMOUNT>60</AMOUNT>
            </ALLLEDGERENTRIES.LIST>
            <ALLLEDGERENTRIES.LIST>
              <LEDGERNAME>CGST Payable</LEDGERNAME>
              <ISDEEMEDPOSITIVE>Yes</ISDEEMEDPOSITIVE>
              <AMOUNT>-4.58</AMOUNT>
            </ALLLEDGERENTRIES.LIST>
            <ALLLEDGERENTRIES.LIST>
              <LEDGERNAME>SGST Payable</LEDGERNAME>
              <ISDEEMEDPOSITIVE>Yes</ISDEEMEDPOSITIVE>
              <AMOUNT>-4.58</AMOUNT>
            </ALLLEDGERENTRIES.LIST>
            <ALLLEDGERENTRIES.LIST>
              <LEDGERNAME>Sales</LEDGERNAME>
              <ISDEEMEDPOSITIVE>Yes</ISDEEMEDPOSITIVE>
              <AMOUNT>-50.84</AMOUNT>
            </ALLLEDGERENTRIES.LIST>
          </VOUCHER>
        </TALLYMESSAGE>
        <TALLYMESSAGE>
          <VOUCHER>
            <DATE>20220822</DATE>
            <VOUCHERTYPENAME>Credit Note</VOUCHERTYPENAME>
            <PARTYLEDGERNAME>Cash</PARTYLEDGERNAME>
            <VOUCHERNUMBER>MAR2223121</VOUCHERNUMBER>
            <ALLLEDGERENTRIES.LIST>
              <LEDGERNAME>Cash</LEDGERNAME>
              <ISDEEMEDPOSITIVE>No</ISDEEMEDPOSITIVE>
              <AMOUNT>11</AMOUNT>
            </ALLLEDGERENTRIES.LIST>
            <ALLLEDGERENTRIES.LIST>
              <LEDGERNAME>CGST Payable</LEDGERNAME>
              <ISDEEMEDPOSITIVE>Yes</ISDEEMEDPOSITIVE>
              <AMOUNT>-0.84</AMOUNT>
            </ALLLEDGERENTRIES.LIST>
            <ALLLEDGERENTRIES.LIST>
              <LEDGERNAME>SGST Payable</LEDGERNAME>
              <ISDEEMEDPOSITIVE>Yes</ISDEEMEDPOSITIVE>
              <AMOUNT>-0.84</AMOUNT>
            </ALLLEDGERENTRIES.LIST>
            <ALLLEDGERENTRIES.LIST>
              <LEDGERNAME>Sales</LEDGERNAME>
              <ISDEEMEDPOSITIVE>Yes</ISDEEMEDPOSITIVE>
              <AMOUNT>-9.32</AMOUNT>
            </ALLLEDGERENTRIES.LIST>
          </VOUCHER>
        </TALLYMESSAGE>
        <TALLYMESSAGE>
          <VOUCHER>
            <DATE>20220821</DATE>
            <VOUCHERTYPENAME>Credit Note</VOUCHERTYPENAME>
            <PARTYLEDGERNAME>Cash</PARTYLEDGERNAME>
            <VOUCHERNUMBER>MAR2223119</VOUCHERNUMBER>
            <ALLLEDGERENTRIES.LIST>
              <LEDGERNAME>Cash</LEDGERNAME>
              <ISDEEMEDPOSITIVE>No</ISDEEMEDPOSITIVE>
              <AMOUNT>233</AMOUNT>
            </ALLLEDGERENTRIES.LIST>
            <ALLLEDGERENTRIES.LIST>
              <LEDGERNAME>CGST Payable</LEDGERNAME>
              <ISDEEMEDPOSITIVE>Yes</ISDEEMEDPOSITIVE>
              <AMOUNT>-17.77</AMOUNT>
            </ALLLEDGERENTRIES.LIST>
            <ALLLEDGERENTRIES.LIST>
              <LEDGERNAME>SGST Payable</LEDGERNAME>
              <ISDEEMEDPOSITIVE>Yes</ISDEEMEDPOSITIVE>
              <AMOUNT>-17.77</AMOUNT>
            </ALLLEDGERENTRIES.LIST>
            <ALLLEDGERENTRIES.LIST>
              <LEDGERNAME>Sales</LEDGERNAME>
              <ISDEEMEDPOSITIVE>Yes</ISDEEMEDPOSITIVE>
              <AMOUNT>-197.46</AMOUNT>
            </ALLLEDGERENTRIES.LIST>
          </VOUCHER>
        </TALLYMESSAGE>
        <TALLYMESSAGE>
          <VOUCHER>
            <DATE>20220817</DATE>
            <VOUCHERTYPENAME>Credit Note</VOUCHERTYPENAME>
            <PARTYLEDGERNAME>Cash</PARTYLEDGERNAME>
            <VOUCHERNUMBER>MAR2223117</VOUCHERNUMBER>
            <ALLLEDGERENTRIES.LIST>
              <LEDGERNAME>Cash</LEDGERNAME>
              <ISDEEMEDPOSITIVE>No</ISDEEMEDPOSITIVE>
              <AMOUNT>270</AMOUNT>
            </ALLLEDGERENTRIES.LIST>
            <ALLLEDGERENTRIES.LIST>
              <LEDGERNAME>CGST Payable</LEDGERNAME>
              <ISDEEMEDPOSITIVE>Yes</ISDEEMEDPOSITIVE>
              <AMOUNT>-14.46</AMOUNT>
            </ALLLEDGERENTRIES.LIST>
            <ALLLEDGERENTRIES.LIST>
              <LEDGERNAME>SGST Payable</LEDGERNAME>
              <ISDEEMEDPOSITIVE>Yes</ISDEEMEDPOSITIVE>
              <AMOUNT>-14.46</AMOUNT>
            </ALLLEDGERENTRIES.LIST>
            <ALLLEDGERENTRIES.LIST>
              <LEDGERNAME>Sales</LEDGERNAME>
              <ISDEEMEDPOSITIVE>Yes</ISDEEMEDPOSITIVE>
              <AMOUNT>-241.08</AMOUNT>
            </ALLLEDGERENTRIES.LIST>
          </VOUCHER>
        </TALLYMESSAGE>
        <TALLYMESSAGE>
          <VOUCHER>
            <DATE>20220817</DATE>
            <VOUCHERTYPENAME>Credit Note</VOUCHERTYPENAME>
            <PARTYLEDGERNAME>Cash</PARTYLEDGERNAME>
            <VOUCHERNUMBER>MAR2223118</VOUCHERNUMBER>
            <ALLLEDGERENTRIES.LIST>
              <LEDGERNAME>Cash</LEDGERNAME>
              <ISDEEMEDPOSITIVE>No</ISDEEMEDPOSITIVE>
              <AMOUNT>128</AMOUNT>
            </ALLLEDGERENTRIES.LIST>
            <ALLLEDGERENTRIES.LIST>
              <LEDGERNAME>Rounded off (Surplus)</LEDGERNAME>
              <ISDEEMEDPOSITIVE>Yes</ISDEEMEDPOSITIVE>
              <AMOUNT>-0.5</AMOUNT>
            </ALLLEDGERENTRIES.LIST>
            <ALLLEDGERENTRIES.LIST>
              <LEDGERNAME>CGST Payable</LEDGERNAME>
              <ISDEEMEDPOSITIVE>Yes</ISDEEMEDPOSITIVE>
              <AMOUNT>-9.72</AMOUNT>
            </ALLLEDGERENTRIES.LIST>
            <ALLLEDGERENTRIES.LIST>
              <LEDGERNAME>SGST Payable</LEDGERNAME>
              <ISDEEMEDPOSITIVE>Yes</ISDEEMEDPOSITIVE>
              <AMOUNT>-9.72</AMOUNT>
            </ALLLEDGERENTRIES.LIST>
            <ALLLEDGERENTRIES.LIST>
              <LEDGERNAME>Sales</LEDGERNAME>
              <ISDEEMEDPOSITIVE>Yes</ISDEEMEDPOSITIVE>
              <AMOUNT>-108.06</AMOUNT>
            </ALLLEDGERENTRIES.LIST>
          </VOUCHER>
        </TALLYMESSAGE>
        <TALLYMESSAGE>
          <VOUCHER>
            <DATE>20220813</DATE>
            <VOUCHERTYPENAME>Credit Note</VOUCHERTYPENAME>
            <PARTYLEDGERNAME>Cash</PARTYLEDGERNAME>
            <VOUCHERNUMBER>MAR2223116</VOUCHERNUMBER>
            <ALLLEDGERENTRIES.LIST>
              <LEDGERNAME>Cash</LEDGERNAME>
              <ISDEEMEDPOSITIVE>No</ISDEEMEDPOSITIVE>
              <AMOUNT>25</AMOUNT>
            </ALLLEDGERENTRIES.LIST>
            <ALLLEDGERENTRIES.LIST>
              <LEDGERNAME>CGST Payable</LEDGERNAME>
              <ISDEEMEDPOSITIVE>Yes</ISDEEMEDPOSITIVE>
              <AMOUNT>-1.91</AMOUNT>
            </ALLLEDGERENTRIES.LIST>
            <ALLLEDGERENTRIES.LIST>
              <LEDGERNAME>SGST Payable</LEDGERNAME>
              <ISDEEMEDPOSITIVE>Yes</ISDEEMEDPOSITIVE>
              <AMOUNT>-1.91</AMOUNT>
            </ALLLEDGERENTRIES.LIST>
            <ALLLEDGERENTRIES.LIST>
              <LEDGERNAME>Sales</LEDGERNAME>
              <ISDEEMEDPOSITIVE>Yes</ISDEEMEDPOSITIVE>
              <AMOUNT>-21.18</AMOUNT>
            </ALLLEDGERENTRIES.LIST>
          </VOUCHER>
        </TALLYMESSAGE>
        <TALLYMESSAGE>
          <VOUCHER>
            <DATE>20220811</DATE>
            <VOUCHERTYPENAME>Credit Note</VOUCHERTYPENAME>
            <PARTYLEDGERNAME>Cash</PARTYLEDGERNAME>
            <VOUCHERNUMBER>MAR2223115</VOUCHERNUMBER>
            <ALLLEDGERENTRIES.LIST>
              <LEDGERNAME>Cash</LEDGERNAME>
              <ISDEEMEDPOSITIVE>No</ISDEEMEDPOSITIVE>
              <AMOUNT>10</AMOUNT>
            </ALLLEDGERENTRIES.LIST>
            <ALLLEDGERENTRIES.LIST>
              <LEDGERNAME>Rounded off (Surplus)</LEDGERNAME>
              <ISDEEMEDPOSITIVE>Yes</ISDEEMEDPOSITIVE>
              <AMOUNT>-0.5</AMOUNT>
            </ALLLEDGERENTRIES.LIST>
            <ALLLEDGERENTRIES.LIST>
              <LEDGERNAME>CGST Payable</LEDGERNAME>
              <ISDEEMEDPOSITIVE>Yes</ISDEEMEDPOSITIVE>
              <AMOUNT>-0.72</AMOUNT>
            </ALLLEDGERENTRIES.LIST>
            <ALLLEDGERENTRIES.LIST>
              <LEDGERNAME>SGST Payable</LEDGERNAME>
              <ISDEEMEDPOSITIVE>Yes</ISDEEMEDPOSITIVE>
              <AMOUNT>-0.72</AMOUNT>
            </ALLLEDGERENTRIES.LIST>
            <ALLLEDGERENTRIES.LIST>
              <LEDGERNAME>Sales</LEDGERNAME>
              <ISDEEMEDPOSITIVE>Yes</ISDEEMEDPOSITIVE>
              <AMOUNT>-8.06</AMOUNT>
            </ALLLEDGERENTRIES.LIST>
          </VOUCHER>
        </TALLYMESSAGE>
        <TALLYMESSAGE>
          <VOUCHER>
            <DATE>20220808</DATE>
            <VOUCHERTYPENAME>Credit Note</VOUCHERTYPENAME>
            <PARTYLEDGERNAME>Cash</PARTYLEDGERNAME>
            <VOUCHERNUMBER>MAR2223114</VOUCHERNUMBER>
            <ALLLEDGERENTRIES.LIST>
              <LEDGERNAME>Cash</LEDGERNAME>
              <ISDEEMEDPOSITIVE>No</ISDEEMEDPOSITIVE>
              <AMOUNT>80</AMOUNT>
            </ALLLEDGERENTRIES.LIST>
            <ALLLEDGERENTRIES.LIST>
              <LEDGERNAME>CGST Payable</LEDGERNAME>
              <ISDEEMEDPOSITIVE>Yes</ISDEEMEDPOSITIVE>
              <AMOUNT>-6.1</AMOUNT>
            </ALLLEDGERENTRIES.LIST>
            <ALLLEDGERENTRIES.LIST>
              <LEDGERNAME>SGST Payable</LEDGERNAME>
              <ISDEEMEDPOSITIVE>Yes</ISDEEMEDPOSITIVE>
              <AMOUNT>-6.1</AMOUNT>
            </ALLLEDGERENTRIES.LIST>
            <ALLLEDGERENTRIES.LIST>
              <LEDGERNAME>Sales</LEDGERNAME>
              <ISDEEMEDPOSITIVE>Yes</ISDEEMEDPOSITIVE>
              <AMOUNT>-67.8</AMOUNT>
            </ALLLEDGERENTRIES.LIST>
          </VOUCHER>
        </TALLYMESSAGE>
        <TALLYMESSAGE>
          <VOUCHER>
            <DATE>20220808</DATE>
            <VOUCHERTYPENAME>Credit Note</VOUCHERTYPENAME>
            <PARTYLEDGERNAME>Cash</PARTYLEDGERNAME>
            <VOUCHERNUMBER>MAR2223113</VOUCHERNUMBER>
            <ALLLEDGERENTRIES.LIST>
              <LEDGERNAME>Cash</LEDGERNAME>
              <ISDEEMEDPOSITIVE>No</ISDEEMEDPOSITIVE>
              <AMOUNT>115</AMOUNT>
            </ALLLEDGERENTRIES.LIST>
            <ALLLEDGERENTRIES.LIST>
              <LEDGERNAME>CGST Payable</LEDGERNAME>
              <ISDEEMEDPOSITIVE>Yes</ISDEEMEDPOSITIVE>
              <AMOUNT>-8.77</AMOUNT>
            </ALLLEDGERENTRIES.LIST>
            <ALLLEDGERENTRIES.LIST>
              <LEDGERNAME>SGST Payable</LEDGERNAME>
              <ISDEEMEDPOSITIVE>Yes</ISDEEMEDPOSITIVE>
              <AMOUNT>-8.77</AMOUNT>
            </ALLLEDGERENTRIES.LIST>
            <ALLLEDGERENTRIES.LIST>
              <LEDGERNAME>Sales</LEDGERNAME>
              <ISDEEMEDPOSITIVE>Yes</ISDEEMEDPOSITIVE>
              <AMOUNT>-97.46</AMOUNT>
            </ALLLEDGERENTRIES.LIST>
          </VOUCHER>
        </TALLYMESSAGE>
        <TALLYMESSAGE>
          <VOUCHER>
            <DATE>20220807</DATE>
            <VOUCHERTYPENAME>Credit Note</VOUCHERTYPENAME>
            <PARTYLEDGERNAME>Cash</PARTYLEDGERNAME>
            <VOUCHERNUMBER>MAR2223112</VOUCHERNUMBER>
            <ALLLEDGERENTRIES.LIST>
              <LEDGERNAME>Cash</LEDGERNAME>
              <ISDEEMEDPOSITIVE>No</ISDEEMEDPOSITIVE>
              <AMOUNT>62</AMOUNT>
            </ALLLEDGERENTRIES.LIST>
            <ALLLEDGERENTRIES.LIST>
              <LEDGERNAME>CGST Payable</LEDGERNAME>
              <ISDEEMEDPOSITIVE>Yes</ISDEEMEDPOSITIVE>
              <AMOUNT>-3.32</AMOUNT>
            </ALLLEDGERENTRIES.LIST>
            <ALLLEDGERENTRIES.LIST>
              <LEDGERNAME>SGST Payable</LEDGERNAME>
              <ISDEEMEDPOSITIVE>Yes</ISDEEMEDPOSITIVE>
              <AMOUNT>-3.32</AMOUNT>
            </ALLLEDGERENTRIES.LIST>
            <ALLLEDGERENTRIES.LIST>
              <LEDGERNAME>Sales</LEDGERNAME>
              <ISDEEMEDPOSITIVE>Yes</ISDEEMEDPOSITIVE>
              <AMOUNT>-55.36</AMOUNT>
            </ALLLEDGERENTRIES.LIST>
          </VOUCHER>
        </TALLYMESSAGE>
        <TALLYMESSAGE>
          <VOUCHER>
            <DATE>20220806</DATE>
            <VOUCHERTYPENAME>Credit Note</VOUCHERTYPENAME>
            <PARTYLEDGERNAME>Cash</PARTYLEDGERNAME>
            <VOUCHERNUMBER>MAR2223111</VOUCHERNUMBER>
            <ALLLEDGERENTRIES.LIST>
              <LEDGERNAME>Cash</LEDGERNAME>
              <ISDEEMEDPOSITIVE>No</ISDEEMEDPOSITIVE>
              <AMOUNT>480</AMOUNT>
            </ALLLEDGERENTRIES.LIST>
            <ALLLEDGERENTRIES.LIST>
              <LEDGERNAME>CGST Payable</LEDGERNAME>
              <ISDEEMEDPOSITIVE>Yes</ISDEEMEDPOSITIVE>
              <AMOUNT>-36.61</AMOUNT>
            </ALLLEDGERENTRIES.LIST>
            <ALLLEDGERENTRIES.LIST>
              <LEDGERNAME>SGST Payable</LEDGERNAME>
              <ISDEEMEDPOSITIVE>Yes</ISDEEMEDPOSITIVE>
              <AMOUNT>-36.61</AMOUNT>
            </ALLLEDGERENTRIES.LIST>
            <ALLLEDGERENTRIES.LIST>
              <LEDGERNAME>Sales</LEDGERNAME>
              <ISDEEMEDPOSITIVE>Yes</ISDEEMEDPOSITIVE>
              <AMOUNT>-406.78</AMOUNT>
            </ALLLEDGERENTRIES.LIST>
          </VOUCHER>
        </TALLYMESSAGE>
        <TALLYMESSAGE>
          <VOUCHER>
            <DATE>20220805</DATE>
            <VOUCHERTYPENAME>Credit Note</VOUCHERTYPENAME>
            <PARTYLEDGERNAME>Cash</PARTYLEDGERNAME>
            <VOUCHERNUMBER>MAR2223110</VOUCHERNUMBER>
            <ALLLEDGERENTRIES.LIST>
              <LEDGERNAME>Cash</LEDGERNAME>
              <ISDEEMEDPOSITIVE>No</ISDEEMEDPOSITIVE>
              <AMOUNT>216</AMOUNT>
            </ALLLEDGERENTRIES.LIST>
            <ALLLEDGERENTRIES.LIST>
              <LEDGERNAME>CGST Payable</LEDGERNAME>
              <ISDEEMEDPOSITIVE>Yes</ISDEEMEDPOSITIVE>
              <AMOUNT>-16.47</AMOUNT>
            </ALLLEDGERENTRIES.LIST>
            <ALLLEDGERENTRIES.LIST>
              <LEDGERNAME>SGST Payable</LEDGERNAME>
              <ISDEEMEDPOSITIVE>Yes</ISDEEMEDPOSITIVE>
              <AMOUNT>-16.47</AMOUNT>
            </ALLLEDGERENTRIES.LIST>
            <ALLLEDGERENTRIES.LIST>
              <LEDGERNAME>Sales</LEDGERNAME>
              <ISDEEMEDPOSITIVE>Yes</ISDEEMEDPOSITIVE>
              <AMOUNT>-183.06</AMOUNT>
            </ALLLEDGERENTRIES.LIST>
          </VOUCHER>
        </TALLYMESSAGE>
        <TALLYMESSAGE>
          <VOUCHER>
            <DATE>20220805</DATE>
            <VOUCHERTYPENAME>Credit Note</VOUCHERTYPENAME>
            <PARTYLEDGERNAME>Cash</PARTYLEDGERNAME>
            <VOUCHERNUMBER>MAR2223109</VOUCHERNUMBER>
            <ALLLEDGERENTRIES.LIST>
              <LEDGERNAME>Cash</LEDGERNAME>
              <ISDEEMEDPOSITIVE>No</ISDEEMEDPOSITIVE>
              <AMOUNT>90</AMOUNT>
            </ALLLEDGERENTRIES.LIST>
            <ALLLEDGERENTRIES.LIST>
              <LEDGERNAME>CGST Payable</LEDGERNAME>
              <ISDEEMEDPOSITIVE>Yes</ISDEEMEDPOSITIVE>
              <AMOUNT>-6.86</AMOUNT>
            </ALLLEDGERENTRIES.LIST>
            <ALLLEDGERENTRIES.LIST>
              <LEDGERNAME>SGST Payable</LEDGERNAME>
              <ISDEEMEDPOSITIVE>Yes</ISDEEMEDPOSITIVE>
              <AMOUNT>-6.86</AMOUNT>
            </ALLLEDGERENTRIES.LIST>
            <ALLLEDGERENTRIES.LIST>
              <LEDGERNAME>Sales</LEDGERNAME>
              <ISDEEMEDPOSITIVE>Yes</ISDEEMEDPOSITIVE>
              <AMOUNT>-76.28</AMOUNT>
            </ALLLEDGERENTRIES.LIST>
          </VOUCHER>
        </TALLYMESSAGE>
        <TALLYMESSAGE>
          <VOUCHER>
            <DATE>20220804</DATE>
            <VOUCHERTYPENAME>Credit Note</VOUCHERTYPENAME>
            <PARTYLEDGERNAME>Cash</PARTYLEDGERNAME>
            <VOUCHERNUMBER>MAR2223108</VOUCHERNUMBER>
            <ALLLEDGERENTRIES.LIST>
              <LEDGERNAME>Cash</LEDGERNAME>
              <ISDEEMEDPOSITIVE>No</ISDEEMEDPOSITIVE>
              <AMOUNT>80</AMOUNT>
            </ALLLEDGERENTRIES.LIST>
            <ALLLEDGERENTRIES.LIST>
              <LEDGERNAME>CGST Payable</LEDGERNAME>
              <ISDEEMEDPOSITIVE>Yes</ISDEEMEDPOSITIVE>
              <AMOUNT>-6.1</AMOUNT>
            </ALLLEDGERENTRIES.LIST>
            <ALLLEDGERENTRIES.LIST>
              <LEDGERNAME>SGST Payable</LEDGERNAME>
              <ISDEEMEDPOSITIVE>Yes</ISDEEMEDPOSITIVE>
              <AMOUNT>-6.1</AMOUNT>
            </ALLLEDGERENTRIES.LIST>
            <ALLLEDGERENTRIES.LIST>
              <LEDGERNAME>Sales</LEDGERNAME>
              <ISDEEMEDPOSITIVE>Yes</ISDEEMEDPOSITIVE>
              <AMOUNT>-67.8</AMOUNT>
            </ALLLEDGERENTRIES.LIST>
          </VOUCHER>
        </TALLYMESSAGE>
        <TALLYMESSAGE>
          <VOUCHER>
            <DATE>20220804</DATE>
            <VOUCHERTYPENAME>Credit Note</VOUCHERTYPENAME>
            <PARTYLEDGERNAME>Cash</PARTYLEDGERNAME>
            <VOUCHERNUMBER>MAR2223107</VOUCHERNUMBER>
            <ALLLEDGERENTRIES.LIST>
              <LEDGERNAME>Cash</LEDGERNAME>
              <ISDEEMEDPOSITIVE>No</ISDEEMEDPOSITIVE>
              <AMOUNT>50</AMOUNT>
            </ALLLEDGERENTRIES.LIST>
            <ALLLEDGERENTRIES.LIST>
              <LEDGERNAME>CGST Payable</LEDGERNAME>
              <ISDEEMEDPOSITIVE>Yes</ISDEEMEDPOSITIVE>
              <AMOUNT>-3.81</AMOUNT>
            </ALLLEDGERENTRIES.LIST>
            <ALLLEDGERENTRIES.LIST>
              <LEDGERNAME>SGST Payable</LEDGERNAME>
              <ISDEEMEDPOSITIVE>Yes</ISDEEMEDPOSITIVE>
              <AMOUNT>-3.81</AMOUNT>
            </ALLLEDGERENTRIES.LIST>
            <ALLLEDGERENTRIES.LIST>
              <LEDGERNAME>Sales</LEDGERNAME>
              <ISDEEMEDPOSITIVE>Yes</ISDEEMEDPOSITIVE>
              <AMOUNT>-42.38</AMOUNT>
            </ALLLEDGERENTRIES.LIST>
          </VOUCHER>
        </TALLYMESSAGE>
        <TALLYMESSAGE>
          <VOUCHER>
            <DATE>20220804</DATE>
            <VOUCHERTYPENAME>Credit Note</VOUCHERTYPENAME>
            <PARTYLEDGERNAME>Cash</PARTYLEDGERNAME>
            <VOUCHERNUMBER>MAR2223106</VOUCHERNUMBER>
            <ALLLEDGERENTRIES.LIST>
              <LEDGERNAME>Cash</LEDGERNAME>
              <ISDEEMEDPOSITIVE>No</ISDEEMEDPOSITIVE>
              <AMOUNT>90</AMOUNT>
            </ALLLEDGERENTRIES.LIST>
            <ALLLEDGERENTRIES.LIST>
              <LEDGERNAME>CGST Payable</LEDGERNAME>
              <ISDEEMEDPOSITIVE>Yes</ISDEEMEDPOSITIVE>
              <AMOUNT>-6.86</AMOUNT>
            </ALLLEDGERENTRIES.LIST>
            <ALLLEDGERENTRIES.LIST>
              <LEDGERNAME>SGST Payable</LEDGERNAME>
              <ISDEEMEDPOSITIVE>Yes</ISDEEMEDPOSITIVE>
              <AMOUNT>-6.86</AMOUNT>
            </ALLLEDGERENTRIES.LIST>
            <ALLLEDGERENTRIES.LIST>
              <LEDGERNAME>Sales</LEDGERNAME>
              <ISDEEMEDPOSITIVE>Yes</ISDEEMEDPOSITIVE>
              <AMOUNT>-76.28</AMOUNT>
            </ALLLEDGERENTRIES.LIST>
          </VOUCHER>
        </TALLYMESSAGE>
        <TALLYMESSAGE>
          <VOUCHER>
            <DATE>20220803</DATE>
            <VOUCHERTYPENAME>Credit Note</VOUCHERTYPENAME>
            <PARTYLEDGERNAME>Cash</PARTYLEDGERNAME>
            <VOUCHERNUMBER>MAR2223105</VOUCHERNUMBER>
            <ALLLEDGERENTRIES.LIST>
              <LEDGERNAME>Cash</LEDGERNAME>
              <ISDEEMEDPOSITIVE>No</ISDEEMEDPOSITIVE>
              <AMOUNT>24</AMOUNT>
            </ALLLEDGERENTRIES.LIST>
            <ALLLEDGERENTRIES.LIST>
              <LEDGERNAME>CGST Payable</LEDGERNAME>
              <ISDEEMEDPOSITIVE>Yes</ISDEEMEDPOSITIVE>
              <AMOUNT>-1.83</AMOUNT>
            </ALLLEDGERENTRIES.LIST>
            <ALLLEDGERENTRIES.LIST>
              <LEDGERNAME>SGST Payable</LEDGERNAME>
              <ISDEEMEDPOSITIVE>Yes</ISDEEMEDPOSITIVE>
              <AMOUNT>-1.83</AMOUNT>
            </ALLLEDGERENTRIES.LIST>
            <ALLLEDGERENTRIES.LIST>
              <LEDGERNAME>Sales</LEDGERNAME>
              <ISDEEMEDPOSITIVE>Yes</ISDEEMEDPOSITIVE>
              <AMOUNT>-20.34</AMOUNT>
            </ALLLEDGERENTRIES.LIST>
          </VOUCHER>
        </TALLYMESSAGE>
        <TALLYMESSAGE>
          <VOUCHER>
            <DATE>20220802</DATE>
            <VOUCHERTYPENAME>Credit Note</VOUCHERTYPENAME>
            <PARTYLEDGERNAME>Cash</PARTYLEDGERNAME>
            <VOUCHERNUMBER>MAR2223104</VOUCHERNUMBER>
            <ALLLEDGERENTRIES.LIST>
              <LEDGERNAME>Cash</LEDGERNAME>
              <ISDEEMEDPOSITIVE>No</ISDEEMEDPOSITIVE>
              <AMOUNT>36</AMOUNT>
            </ALLLEDGERENTRIES.LIST>
            <ALLLEDGERENTRIES.LIST>
              <LEDGERNAME>CGST Payable</LEDGERNAME>
              <ISDEEMEDPOSITIVE>Yes</ISDEEMEDPOSITIVE>
              <AMOUNT>-2.75</AMOUNT>
            </ALLLEDGERENTRIES.LIST>
            <ALLLEDGERENTRIES.LIST>
              <LEDGERNAME>SGST Payable</LEDGERNAME>
              <ISDEEMEDPOSITIVE>Yes</ISDEEMEDPOSITIVE>
              <AMOUNT>-2.75</AMOUNT>
            </ALLLEDGERENTRIES.LIST>
            <ALLLEDGERENTRIES.LIST>
              <LEDGERNAME>Sales</LEDGERNAME>
              <ISDEEMEDPOSITIVE>Yes</ISDEEMEDPOSITIVE>
              <AMOUNT>-30.5</AMOUNT>
            </ALLLEDGERENTRIES.LIST>
          </VOUCHER>
        </TALLYMESSAGE>
        <TALLYMESSAGE>
          <VOUCHER>
            <DATE>20220801</DATE>
            <VOUCHERTYPENAME>Credit Note</VOUCHERTYPENAME>
            <PARTYLEDGERNAME>Cash</PARTYLEDGERNAME>
            <VOUCHERNUMBER>MAR2223103</VOUCHERNUMBER>
            <ALLLEDGERENTRIES.LIST>
              <LEDGERNAME>Cash</LEDGERNAME>
              <ISDEEMEDPOSITIVE>No</ISDEEMEDPOSITIVE>
              <AMOUNT>115</AMOUNT>
            </ALLLEDGERENTRIES.LIST>
            <ALLLEDGERENTRIES.LIST>
              <LEDGERNAME>CGST Payable</LEDGERNAME>
              <ISDEEMEDPOSITIVE>Yes</ISDEEMEDPOSITIVE>
              <AMOUNT>-8.77</AMOUNT>
            </ALLLEDGERENTRIES.LIST>
            <ALLLEDGERENTRIES.LIST>
              <LEDGERNAME>SGST Payable</LEDGERNAME>
              <ISDEEMEDPOSITIVE>Yes</ISDEEMEDPOSITIVE>
              <AMOUNT>-8.77</AMOUNT>
            </ALLLEDGERENTRIES.LIST>
            <ALLLEDGERENTRIES.LIST>
              <LEDGERNAME>Sales</LEDGERNAME>
              <ISDEEMEDPOSITIVE>Yes</ISDEEMEDPOSITIVE>
              <AMOUNT>-97.46</AMOUNT>
            </ALLLEDGERENTRIES.LIST>
          </VOUCHER>
        </TALLYMESSAGE>
        <TALLYMESSAGE>
          <VOUCHER>
            <DATE>20220801</DATE>
            <VOUCHERTYPENAME>Credit Note</VOUCHERTYPENAME>
            <PARTYLEDGERNAME>Cash</PARTYLEDGERNAME>
            <VOUCHERNUMBER>MF222321</VOUCHERNUMBER>
            <ALLLEDGERENTRIES.LIST>
              <LEDGERNAME>Cash</LEDGERNAME>
              <ISDEEMEDPOSITIVE>No</ISDEEMEDPOSITIVE>
              <AMOUNT>90</AMOUNT>
            </ALLLEDGERENTRIES.LIST>
            <ALLLEDGERENTRIES.LIST>
              <LEDGERNAME>CGST Payable</LEDGERNAME>
              <ISDEEMEDPOSITIVE>Yes</ISDEEMEDPOSITIVE>
              <AMOUNT>-2.14</AMOUNT>
            </ALLLEDGERENTRIES.LIST>
            <ALLLEDGERENTRIES.LIST>
              <LEDGERNAME>SGST Payable</LEDGERNAME>
              <ISDEEMEDPOSITIVE>Yes</ISDEEMEDPOSITIVE>
              <AMOUNT>-2.14</AMOUNT>
            </ALLLEDGERENTRIES.LIST>
            <ALLLEDGERENTRIES.LIST>
              <LEDGERNAME>Sales</LEDGERNAME>
              <ISDEEMEDPOSITIVE>Yes</ISDEEMEDPOSITIVE>
              <AMOUNT>-85.72</AMOUNT>
            </ALLLEDGERENTRIES.LIST>
          </VOUCHER>
        </TALLYMESSAGE>
      </REQUESTDATA>
    </IMPORTDATA>
  </BODY>
</ENVELOPE>