<?xml version="1.0" encoding="utf-8"?>
<ENVELOPE>
  <BODY>
    <IMPORTDATA>
      <REQUESTDATA>
        <TALLYMESSAGE>
          <VOUCHER>
            <DATE>20221030</DATE>
            <REFERENCE>MAR222330009 bill no</REFERENCE>
            <VOUCHERTYPENAME>Credit Note</VOUCHERTYPENAME>
            <PARTYLEDGERNAME>Cash</PARTYLEDGERNAME>
            <VOUCHERNUMBER>MAR2223166</VOUCHERNUMBER>
            <ALLLEDGERENTRIES.LIST>
              <LEDGERNAME>Cash</LEDGERNAME>
              <ISDEEMEDPOSITIVE>No</ISDEEMEDPOSITIVE>
              <AMOUNT>220</AMOUNT>
            </ALLLEDGERENTRIES.LIST>
            <ALLLEDGERENTRIES.LIST>
              <LEDGERNAME>CGST Payable</LEDGERNAME>
              <ISDEEMEDPOSITIVE>Yes</ISDEEMEDPOSITIVE>
              <AMOUNT>-16.78</AMOUNT>
            </ALLLEDGERENTRIES.LIST>
            <ALLLEDGERENTRIES.LIST>
              <LEDGERNAME>SGST Payable</LEDGERNAME>
              <ISDEEMEDPOSITIVE>Yes</ISDEEMEDPOSITIVE>
              <AMOUNT>-16.78</AMOUNT>
            </ALLLEDGERENTRIES.LIST>
            <ALLLEDGERENTRIES.LIST>
              <LEDGERNAME>Sales</LEDGERNAME>
              <ISDEEMEDPOSITIVE>Yes</ISDEEMEDPOSITIVE>
              <AMOUNT>-186.44</AMOUNT>
            </ALLLEDGERENTRIES.LIST>
          </VOUCHER>
        </TALLYMESSAGE>
        <TALLYMESSAGE>
          <VOUCHER>
            <DATE>20221030</DATE>
            <VOUCHERTYPENAME>Credit Note</VOUCHERTYPENAME>
            <PARTYLEDGERNAME>Cash</PARTYLEDGERNAME>
            <VOUCHERNUMBER>MAR2223165</VOUCHERNUMBER>
            <ALLLEDGERENTRIES.LIST>
              <LEDGERNAME>Cash</LEDGERNAME>
              <ISDEEMEDPOSITIVE>No</ISDEEMEDPOSITIVE>
              <AMOUNT>20</AMOUNT>
            </ALLLEDGERENTRIES.LIST>
            <ALLLEDGERENTRIES.LIST>
              <LEDGERNAME>CGST Payable</LEDGERNAME>
              <ISDEEMEDPOSITIVE>Yes</ISDEEMEDPOSITIVE>
              <AMOUNT>-1.07</AMOUNT>
            </ALLLEDGERENTRIES.LIST>
            <ALLLEDGERENTRIES.LIST>
              <LEDGERNAME>SGST Payable</LEDGERNAME>
              <ISDEEMEDPOSITIVE>Yes</ISDEEMEDPOSITIVE>
              <AMOUNT>-1.07</AMOUNT>
            </ALLLEDGERENTRIES.LIST>
            <ALLLEDGERENTRIES.LIST>
              <LEDGERNAME>Sales</LEDGERNAME>
              <ISDEEMEDPOSITIVE>Yes</ISDEEMEDPOSITIVE>
              <AMOUNT>-17.86</AMOUNT>
            </ALLLEDGERENTRIES.LIST>
          </VOUCHER>
        </TALLYMESSAGE>
        <TALLYMESSAGE>
          <VOUCHER>
            <DATE>20221030</DATE>
            <VOUCHERTYPENAME>Credit Note</VOUCHERTYPENAME>
            <PARTYLEDGERNAME>Cash</PARTYLEDGERNAME>
            <VOUCHERNUMBER>MAR2223167</VOUCHERNUMBER>
            <ALLLEDGERENTRIES.LIST>
              <LEDGERNAME>Cash</LEDGERNAME>
              <ISDEEMEDPOSITIVE>No</ISDEEMEDPOSITIVE>
              <AMOUNT>65</AMOUNT>
            </ALLLEDGERENTRIES.LIST>
            <ALLLEDGERENTRIES.LIST>
              <LEDGERNAME>CGST Payable</LEDGERNAME>
              <ISDEEMEDPOSITIVE>Yes</ISDEEMEDPOSITIVE>
              <AMOUNT>-4.96</AMOUNT>
            </ALLLEDGERENTRIES.LIST>
            <ALLLEDGERENTRIES.LIST>
              <LEDGERNAME>SGST Payable</LEDGERNAME>
              <ISDEEMEDPOSITIVE>Yes</ISDEEMEDPOSITIVE>
              <AMOUNT>-4.96</AMOUNT>
            </ALLLEDGERENTRIES.LIST>
            <ALLLEDGERENTRIES.LIST>
              <LEDGERNAME>Sales</LEDGERNAME>
              <ISDEEMEDPOSITIVE>Yes</ISDEEMEDPOSITIVE>
              <AMOUNT>-55.08</AMOUNT>
            </ALLLEDGERENTRIES.LIST>
          </VOUCHER>
        </TALLYMESSAGE>
        <TALLYMESSAGE>
          <VOUCHER>
            <DATE>20221023</DATE>
            <VOUCHERTYPENAME>Credit Note</VOUCHERTYPENAME>
            <PARTYLEDGERNAME>Cash</PARTYLEDGERNAME>
            <VOUCHERNUMBER>MF222337</VOUCHERNUMBER>
            <ALLLEDGERENTRIES.LIST>
              <LEDGERNAME>Cash</LEDGERNAME>
              <ISDEEMEDPOSITIVE>No</ISDEEMEDPOSITIVE>
              <AMOUNT>24</AMOUNT>
            </ALLLEDGERENTRIES.LIST>
            <ALLLEDGERENTRIES.LIST>
              <LEDGERNAME>CGST Payable</LEDGERNAME>
              <ISDEEMEDPOSITIVE>Yes</ISDEEMEDPOSITIVE>
              <AMOUNT>-0.57</AMOUNT>
            </ALLLEDGERENTRIES.LIST>
            <ALLLEDGERENTRIES.LIST>
              <LEDGERNAME>SGST Payable</LEDGERNAME>
              <ISDEEMEDPOSITIVE>Yes</ISDEEMEDPOSITIVE>
              <AMOUNT>-0.57</AMOUNT>
            </ALLLEDGERENTRIES.LIST>
            <ALLLEDGERENTRIES.LIST>
              <LEDGERNAME>Sales</LEDGERNAME>
              <ISDEEMEDPOSITIVE>Yes</ISDEEMEDPOSITIVE>
              <AMOUNT>-22.86</AMOUNT>
            </ALLLEDGERENTRIES.LIST>
          </VOUCHER>
        </TALLYMESSAGE>
        <TALLYMESSAGE>
          <VOUCHER>
            <DATE>20221023</DATE>
            <VOUCHERTYPENAME>Credit Note</VOUCHERTYPENAME>
            <PARTYLEDGERNAME>Cash</PARTYLEDGERNAME>
            <VOUCHERNUMBER>MF222336</VOUCHERNUMBER>
            <ALLLEDGERENTRIES.LIST>
              <LEDGERNAME>Cash</LEDGERNAME>
              <ISDEEMEDPOSITIVE>No</ISDEEMEDPOSITIVE>
              <AMOUNT>60</AMOUNT>
            </ALLLEDGERENTRIES.LIST>
            <ALLLEDGERENTRIES.LIST>
              <LEDGERNAME>CGST Payable</LEDGERNAME>
              <ISDEEMEDPOSITIVE>Yes</ISDEEMEDPOSITIVE>
              <AMOUNT>-4.58</AMOUNT>
            </ALLLEDGERENTRIES.LIST>
            <ALLLEDGERENTRIES.LIST>
              <LEDGERNAME>SGST Payable</LEDGERNAME>
              <ISDEEMEDPOSITIVE>Yes</ISDEEMEDPOSITIVE>
              <AMOUNT>-4.58</AMOUNT>
            </ALLLEDGERENTRIES.LIST>
            <ALLLEDGERENTRIES.LIST>
              <LEDGERNAME>Sales</LEDGERNAME>
              <ISDEEMEDPOSITIVE>Yes</ISDEEMEDPOSITIVE>
              <AMOUNT>-50.84</AMOUNT>
            </ALLLEDGERENTRIES.LIST>
          </VOUCHER>
        </TALLYMESSAGE>
        <TALLYMESSAGE>
          <VOUCHER>
            <DATE>20221022</DATE>
            <VOUCHERTYPENAME>Credit Note</VOUCHERTYPENAME>
            <PARTYLEDGERNAME>Cash</PARTYLEDGERNAME>
            <VOUCHERNUMBER>MAR2223164</VOUCHERNUMBER>
            <ALLLEDGERENTRIES.LIST>
              <LEDGERNAME>Cash</LEDGERNAME>
              <ISDEEMEDPOSITIVE>No</ISDEEMEDPOSITIVE>
              <AMOUNT>45</AMOUNT>
            </ALLLEDGERENTRIES.LIST>
            <ALLLEDGERENTRIES.LIST>
              <LEDGERNAME>CGST Payable</LEDGERNAME>
              <ISDEEMEDPOSITIVE>Yes</ISDEEMEDPOSITIVE>
              <AMOUNT>-3.43</AMOUNT>
            </ALLLEDGERENTRIES.LIST>
            <ALLLEDGERENTRIES.LIST>
              <LEDGERNAME>SGST Payable</LEDGERNAME>
              <ISDEEMEDPOSITIVE>Yes</ISDEEMEDPOSITIVE>
              <AMOUNT>-3.43</AMOUNT>
            </ALLLEDGERENTRIES.LIST>
            <ALLLEDGERENTRIES.LIST>
              <LEDGERNAME>Sales</LEDGERNAME>
              <ISDEEMEDPOSITIVE>Yes</ISDEEMEDPOSITIVE>
              <AMOUNT>-38.14</AMOUNT>
            </ALLLEDGERENTRIES.LIST>
          </VOUCHER>
        </TALLYMESSAGE>
        <TALLYMESSAGE>
          <VOUCHER>
            <DATE>20221022</DATE>
            <VOUCHERTYPENAME>Credit Note</VOUCHERTYPENAME>
            <PARTYLEDGERNAME>Cash</PARTYLEDGERNAME>
            <VOUCHERNUMBER>MAR2223163</VOUCHERNUMBER>
            <ALLLEDGERENTRIES.LIST>
              <LEDGERNAME>Cash</LEDGERNAME>
              <ISDEEMEDPOSITIVE>No</ISDEEMEDPOSITIVE>
              <AMOUNT>65</AMOUNT>
            </ALLLEDGERENTRIES.LIST>
            <ALLLEDGERENTRIES.LIST>
              <LEDGERNAME>CGST Payable</LEDGERNAME>
              <ISDEEMEDPOSITIVE>Yes</ISDEEMEDPOSITIVE>
              <AMOUNT>-4.96</AMOUNT>
            </ALLLEDGERENTRIES.LIST>
            <ALLLEDGERENTRIES.LIST>
              <LEDGERNAME>SGST Payable</LEDGERNAME>
              <ISDEEMEDPOSITIVE>Yes</ISDEEMEDPOSITIVE>
              <AMOUNT>-4.96</AMOUNT>
            </ALLLEDGERENTRIES.LIST>
            <ALLLEDGERENTRIES.LIST>
              <LEDGERNAME>Sales</LEDGERNAME>
              <ISDEEMEDPOSITIVE>Yes</ISDEEMEDPOSITIVE>
              <AMOUNT>-55.08</AMOUNT>
            </ALLLEDGERENTRIES.LIST>
          </VOUCHER>
        </TALLYMESSAGE>
        <TALLYMESSAGE>
          <VOUCHER>
            <DATE>20221022</DATE>
            <VOUCHERTYPENAME>Credit Note</VOUCHERTYPENAME>
            <PARTYLEDGERNAME>Cash</PARTYLEDGERNAME>
            <VOUCHERNUMBER>MF222335</VOUCHERNUMBER>
            <ALLLEDGERENTRIES.LIST>
              <LEDGERNAME>Cash</LEDGERNAME>
              <ISDEEMEDPOSITIVE>No</ISDEEMEDPOSITIVE>
              <AMOUNT>198</AMOUNT>
            </ALLLEDGERENTRIES.LIST>
            <ALLLEDGERENTRIES.LIST>
              <LEDGERNAME>CGST Payable</LEDGERNAME>
              <ISDEEMEDPOSITIVE>Yes</ISDEEMEDPOSITIVE>
              <AMOUNT>-14.24</AMOUNT>
            </ALLLEDGERENTRIES.LIST>
            <ALLLEDGERENTRIES.LIST>
              <LEDGERNAME>SGST Payable</LEDGERNAME>
              <ISDEEMEDPOSITIVE>Yes</ISDEEMEDPOSITIVE>
              <AMOUNT>-14.24</AMOUNT>
            </ALLLEDGERENTRIES.LIST>
            <ALLLEDGERENTRIES.LIST>
              <LEDGERNAME>Sales</LEDGERNAME>
              <ISDEEMEDPOSITIVE>Yes</ISDEEMEDPOSITIVE>
              <AMOUNT>-169.52</AMOUNT>
            </ALLLEDGERENTRIES.LIST>
          </VOUCHER>
        </TALLYMESSAGE>
        <TALLYMESSAGE>
          <VOUCHER>
            <DATE>20221021</DATE>
            <VOUCHERTYPENAME>Credit Note</VOUCHERTYPENAME>
            <PARTYLEDGERNAME>Cash</PARTYLEDGERNAME>
            <VOUCHERNUMBER>MF222334</VOUCHERNUMBER>
            <ALLLEDGERENTRIES.LIST>
              <LEDGERNAME>Cash</LEDGERNAME>
              <ISDEEMEDPOSITIVE>No</ISDEEMEDPOSITIVE>
              <AMOUNT>35</AMOUNT>
            </ALLLEDGERENTRIES.LIST>
            <ALLLEDGERENTRIES.LIST>
              <LEDGERNAME>CGST Payable</LEDGERNAME>
              <ISDEEMEDPOSITIVE>Yes</ISDEEMEDPOSITIVE>
              <AMOUNT>-1.87</AMOUNT>
            </ALLLEDGERENTRIES.LIST>
            <ALLLEDGERENTRIES.LIST>
              <LEDGERNAME>SGST Payable</LEDGERNAME>
              <ISDEEMEDPOSITIVE>Yes</ISDEEMEDPOSITIVE>
              <AMOUNT>-1.87</AMOUNT>
            </ALLLEDGERENTRIES.LIST>
            <ALLLEDGERENTRIES.LIST>
              <LEDGERNAME>Sales</LEDGERNAME>
              <ISDEEMEDPOSITIVE>Yes</ISDEEMEDPOSITIVE>
              <AMOUNT>-31.26</AMOUNT>
            </ALLLEDGERENTRIES.LIST>
          </VOUCHER>
        </TALLYMESSAGE>
        <TALLYMESSAGE>
          <VOUCHER>
            <DATE>20221019</DATE>
            <VOUCHERTYPENAME>Credit Note</VOUCHERTYPENAME>
            <PARTYLEDGERNAME>Cash</PARTYLEDGERNAME>
            <VOUCHERNUMBER>MAR2223161</VOUCHERNUMBER>
            <ALLLEDGERENTRIES.LIST>
              <LEDGERNAME>Cash</LEDGERNAME>
              <ISDEEMEDPOSITIVE>No</ISDEEMEDPOSITIVE>
              <AMOUNT>462</AMOUNT>
            </ALLLEDGERENTRIES.LIST>
            <ALLLEDGERENTRIES.LIST>
              <LEDGERNAME>CGST Payable</LEDGERNAME>
              <ISDEEMEDPOSITIVE>Yes</ISDEEMEDPOSITIVE>
              <AMOUNT>-28.47</AMOUNT>
            </ALLLEDGERENTRIES.LIST>
            <ALLLEDGERENTRIES.LIST>
              <LEDGERNAME>SGST Payable</LEDGERNAME>
              <ISDEEMEDPOSITIVE>Yes</ISDEEMEDPOSITIVE>
              <AMOUNT>-28.47</AMOUNT>
            </ALLLEDGERENTRIES.LIST>
            <ALLLEDGERENTRIES.LIST>
              <LEDGERNAME>Sales</LEDGERNAME>
              <ISDEEMEDPOSITIVE>Yes</ISDEEMEDPOSITIVE>
              <AMOUNT>-405.06</AMOUNT>
            </ALLLEDGERENTRIES.LIST>
          </VOUCHER>
        </TALLYMESSAGE>
        <TALLYMESSAGE>
          <VOUCHER>
            <DATE>20221019</DATE>
            <VOUCHERTYPENAME>Credit Note</VOUCHERTYPENAME>
            <PARTYLEDGERNAME>Cash</PARTYLEDGERNAME>
            <VOUCHERNUMBER>MAR2223162</VOUCHERNUMBER>
            <ALLLEDGERENTRIES.LIST>
              <LEDGERNAME>Cash</LEDGERNAME>
              <ISDEEMEDPOSITIVE>No</ISDEEMEDPOSITIVE>
              <AMOUNT>234</AMOUNT>
            </ALLLEDGERENTRIES.LIST>
            <ALLLEDGERENTRIES.LIST>
              <LEDGERNAME>CGST Payable</LEDGERNAME>
              <ISDEEMEDPOSITIVE>Yes</ISDEEMEDPOSITIVE>
              <AMOUNT>-17.85</AMOUNT>
            </ALLLEDGERENTRIES.LIST>
            <ALLLEDGERENTRIES.LIST>
              <LEDGERNAME>SGST Payable</LEDGERNAME>
              <ISDEEMEDPOSITIVE>Yes</ISDEEMEDPOSITIVE>
              <AMOUNT>-17.85</AMOUNT>
            </ALLLEDGERENTRIES.LIST>
            <ALLLEDGERENTRIES.LIST>
              <LEDGERNAME>Sales</LEDGERNAME>
              <ISDEEMEDPOSITIVE>Yes</ISDEEMEDPOSITIVE>
              <AMOUNT>-198.3</AMOUNT>
            </ALLLEDGERENTRIES.LIST>
          </VOUCHER>
        </TALLYMESSAGE>
        <TALLYMESSAGE>
          <VOUCHER>
            <DATE>20221019</DATE>
            <VOUCHERTYPENAME>Credit Note</VOUCHERTYPENAME>
            <PARTYLEDGERNAME>Cash</PARTYLEDGERNAME>
            <VOUCHERNUMBER>MAR2223160</VOUCHERNUMBER>
            <ALLLEDGERENTRIES.LIST>
              <LEDGERNAME>Cash</LEDGERNAME>
              <ISDEEMEDPOSITIVE>No</ISDEEMEDPOSITIVE>
              <AMOUNT>35</AMOUNT>
            </ALLLEDGERENTRIES.LIST>
            <ALLLEDGERENTRIES.LIST>
              <LEDGERNAME>CGST Payable</LEDGERNAME>
              <ISDEEMEDPOSITIVE>Yes</ISDEEMEDPOSITIVE>
              <AMOUNT>-2.67</AMOUNT>
            </ALLLEDGERENTRIES.LIST>
            <ALLLEDGERENTRIES.LIST>
              <LEDGERNAME>SGST Payable</LEDGERNAME>
              <ISDEEMEDPOSITIVE>Yes</ISDEEMEDPOSITIVE>
              <AMOUNT>-2.67</AMOUNT>
            </ALLLEDGERENTRIES.LIST>
            <ALLLEDGERENTRIES.LIST>
              <LEDGERNAME>Sales</LEDGERNAME>
              <ISDEEMEDPOSITIVE>Yes</ISDEEMEDPOSITIVE>
              <AMOUNT>-29.66</AMOUNT>
            </ALLLEDGERENTRIES.LIST>
          </VOUCHER>
        </TALLYMESSAGE>
        <TALLYMESSAGE>
          <VOUCHER>
            <DATE>20221017</DATE>
            <VOUCHERTYPENAME>Credit Note</VOUCHERTYPENAME>
            <PARTYLEDGERNAME>Cash</PARTYLEDGERNAME>
            <VOUCHERNUMBER>MAR2223159</VOUCHERNUMBER>
            <ALLLEDGERENTRIES.LIST>
              <LEDGERNAME>Cash</LEDGERNAME>
              <ISDEEMEDPOSITIVE>No</ISDEEMEDPOSITIVE>
              <AMOUNT>119</AMOUNT>
            </ALLLEDGERENTRIES.LIST>
            <ALLLEDGERENTRIES.LIST>
              <LEDGERNAME>CGST Payable</LEDGERNAME>
              <ISDEEMEDPOSITIVE>Yes</ISDEEMEDPOSITIVE>
              <AMOUNT>-9.08</AMOUNT>
            </ALLLEDGERENTRIES.LIST>
            <ALLLEDGERENTRIES.LIST>
              <LEDGERNAME>SGST Payable</LEDGERNAME>
              <ISDEEMEDPOSITIVE>Yes</ISDEEMEDPOSITIVE>
              <AMOUNT>-9.08</AMOUNT>
            </ALLLEDGERENTRIES.LIST>
            <ALLLEDGERENTRIES.LIST>
              <LEDGERNAME>Sales</LEDGERNAME>
              <ISDEEMEDPOSITIVE>Yes</ISDEEMEDPOSITIVE>
              <AMOUNT>-100.84</AMOUNT>
            </ALLLEDGERENTRIES.LIST>
          </VOUCHER>
        </TALLYMESSAGE>
        <TALLYMESSAGE>
          <VOUCHER>
            <DATE>20221016</DATE>
            <VOUCHERTYPENAME>Credit Note</VOUCHERTYPENAME>
            <PARTYLEDGERNAME>Cash</PARTYLEDGERNAME>
            <VOUCHERNUMBER>MAR2223157</VOUCHERNUMBER>
            <ALLLEDGERENTRIES.LIST>
              <LEDGERNAME>Cash</LEDGERNAME>
              <ISDEEMEDPOSITIVE>No</ISDEEMEDPOSITIVE>
              <AMOUNT>57</AMOUNT>
            </ALLLEDGERENTRIES.LIST>
            <ALLLEDGERENTRIES.LIST>
              <LEDGERNAME>CGST Payable</LEDGERNAME>
              <ISDEEMEDPOSITIVE>Yes</ISDEEMEDPOSITIVE>
              <AMOUNT>-4.35</AMOUNT>
            </ALLLEDGERENTRIES.LIST>
            <ALLLEDGERENTRIES.LIST>
              <LEDGERNAME>SGST Payable</LEDGERNAME>
              <ISDEEMEDPOSITIVE>Yes</ISDEEMEDPOSITIVE>
              <AMOUNT>-4.35</AMOUNT>
            </ALLLEDGERENTRIES.LIST>
            <ALLLEDGERENTRIES.LIST>
              <LEDGERNAME>Sales</LEDGERNAME>
              <ISDEEMEDPOSITIVE>Yes</ISDEEMEDPOSITIVE>
              <AMOUNT>-48.3</AMOUNT>
            </ALLLEDGERENTRIES.LIST>
          </VOUCHER>
        </TALLYMESSAGE>
        <TALLYMESSAGE>
          <VOUCHER>
            <DATE>20221016</DATE>
            <VOUCHERTYPENAME>Credit Note</VOUCHERTYPENAME>
            <PARTYLEDGERNAME>Cash</PARTYLEDGERNAME>
            <VOUCHERNUMBER>MAR2223158</VOUCHERNUMBER>
            <ALLLEDGERENTRIES.LIST>
              <LEDGERNAME>Cash</LEDGERNAME>
              <ISDEEMEDPOSITIVE>No</ISDEEMEDPOSITIVE>
              <AMOUNT>98</AMOUNT>
            </ALLLEDGERENTRIES.LIST>
            <ALLLEDGERENTRIES.LIST>
              <LEDGERNAME>CGST Payable</LEDGERNAME>
              <ISDEEMEDPOSITIVE>Yes</ISDEEMEDPOSITIVE>
              <AMOUNT>-7.47</AMOUNT>
            </ALLLEDGERENTRIES.LIST>
            <ALLLEDGERENTRIES.LIST>
              <LEDGERNAME>SGST Payable</LEDGERNAME>
              <ISDEEMEDPOSITIVE>Yes</ISDEEMEDPOSITIVE>
              <AMOUNT>-7.47</AMOUNT>
            </ALLLEDGERENTRIES.LIST>
            <ALLLEDGERENTRIES.LIST>
              <LEDGERNAME>Sales</LEDGERNAME>
              <ISDEEMEDPOSITIVE>Yes</ISDEEMEDPOSITIVE>
              <AMOUNT>-83.06</AMOUNT>
            </ALLLEDGERENTRIES.LIST>
          </VOUCHER>
        </TALLYMESSAGE>
        <TALLYMESSAGE>
          <VOUCHER>
            <DATE>20221015</DATE>
            <VOUCHERTYPENAME>Credit Note</VOUCHERTYPENAME>
            <PARTYLEDGERNAME>Cash</PARTYLEDGERNAME>
            <VOUCHERNUMBER>MAR2223156</VOUCHERNUMBER>
            <ALLLEDGERENTRIES.LIST>
              <LEDGERNAME>Cash</LEDGERNAME>
              <ISDEEMEDPOSITIVE>No</ISDEEMEDPOSITIVE>
              <AMOUNT>30</AMOUNT>
            </ALLLEDGERENTRIES.LIST>
            <ALLLEDGERENTRIES.LIST>
              <LEDGERNAME>CGST Payable</LEDGERNAME>
              <ISDEEMEDPOSITIVE>Yes</ISDEEMEDPOSITIVE>
              <AMOUNT>-1.61</AMOUNT>
            </ALLLEDGERENTRIES.LIST>
            <ALLLEDGERENTRIES.LIST>
              <LEDGERNAME>SGST Payable</LEDGERNAME>
              <ISDEEMEDPOSITIVE>Yes</ISDEEMEDPOSITIVE>
              <AMOUNT>-1.61</AMOUNT>
            </ALLLEDGERENTRIES.LIST>
            <ALLLEDGERENTRIES.LIST>
              <LEDGERNAME>Sales</LEDGERNAME>
              <ISDEEMEDPOSITIVE>Yes</ISDEEMEDPOSITIVE>
              <AMOUNT>-26.78</AMOUNT>
            </ALLLEDGERENTRIES.LIST>
          </VOUCHER>
        </TALLYMESSAGE>
        <TALLYMESSAGE>
          <VOUCHER>
            <DATE>20221013</DATE>
            <VOUCHERTYPENAME>Credit Note</VOUCHERTYPENAME>
            <PARTYLEDGERNAME>Cash</PARTYLEDGERNAME>
            <VOUCHERNUMBER>MAR2223155</VOUCHERNUMBER>
            <ALLLEDGERENTRIES.LIST>
              <LEDGERNAME>Cash</LEDGERNAME>
              <ISDEEMEDPOSITIVE>No</ISDEEMEDPOSITIVE>
              <AMOUNT>180</AMOUNT>
            </ALLLEDGERENTRIES.LIST>
            <ALLLEDGERENTRIES.LIST>
              <LEDGERNAME>CGST Payable</LEDGERNAME>
              <ISDEEMEDPOSITIVE>Yes</ISDEEMEDPOSITIVE>
              <AMOUNT>-13.73</AMOUNT>
            </ALLLEDGERENTRIES.LIST>
            <ALLLEDGERENTRIES.LIST>
              <LEDGERNAME>SGST Payable</LEDGERNAME>
              <ISDEEMEDPOSITIVE>Yes</ISDEEMEDPOSITIVE>
              <AMOUNT>-13.73</AMOUNT>
            </ALLLEDGERENTRIES.LIST>
            <ALLLEDGERENTRIES.LIST>
              <LEDGERNAME>Sales</LEDGERNAME>
              <ISDEEMEDPOSITIVE>Yes</ISDEEMEDPOSITIVE>
              <AMOUNT>-152.54</AMOUNT>
            </ALLLEDGERENTRIES.LIST>
          </VOUCHER>
        </TALLYMESSAGE>
        <TALLYMESSAGE>
          <VOUCHER>
            <DATE>20221013</DATE>
            <VOUCHERTYPENAME>Credit Note</VOUCHERTYPENAME>
            <PARTYLEDGERNAME>Cash</PARTYLEDGERNAME>
            <VOUCHERNUMBER>MAR2223154</VOUCHERNUMBER>
            <ALLLEDGERENTRIES.LIST>
              <LEDGERNAME>Cash</LEDGERNAME>
              <ISDEEMEDPOSITIVE>No</ISDEEMEDPOSITIVE>
              <AMOUNT>60</AMOUNT>
            </ALLLEDGERENTRIES.LIST>
            <ALLLEDGERENTRIES.LIST>
              <LEDGERNAME>CGST Payable</LEDGERNAME>
              <ISDEEMEDPOSITIVE>Yes</ISDEEMEDPOSITIVE>
              <AMOUNT>-4.58</AMOUNT>
            </ALLLEDGERENTRIES.LIST>
            <ALLLEDGERENTRIES.LIST>
              <LEDGERNAME>SGST Payable</LEDGERNAME>
              <ISDEEMEDPOSITIVE>Yes</ISDEEMEDPOSITIVE>
              <AMOUNT>-4.58</AMOUNT>
            </ALLLEDGERENTRIES.LIST>
            <ALLLEDGERENTRIES.LIST>
              <LEDGERNAME>Sales</LEDGERNAME>
              <ISDEEMEDPOSITIVE>Yes</ISDEEMEDPOSITIVE>
              <AMOUNT>-50.84</AMOUNT>
            </ALLLEDGERENTRIES.LIST>
          </VOUCHER>
        </TALLYMESSAGE>
        <TALLYMESSAGE>
          <VOUCHER>
            <DATE>20221011</DATE>
            <VOUCHERTYPENAME>Credit Note</VOUCHERTYPENAME>
            <PARTYLEDGERNAME>Cash</PARTYLEDGERNAME>
            <VOUCHERNUMBER>MAR2223152</VOUCHERNUMBER>
            <ALLLEDGERENTRIES.LIST>
              <LEDGERNAME>Cash</LEDGERNAME>
              <ISDEEMEDPOSITIVE>No</ISDEEMEDPOSITIVE>
              <AMOUNT>418</AMOUNT>
            </ALLLEDGERENTRIES.LIST>
            <ALLLEDGERENTRIES.LIST>
              <LEDGERNAME>CGST Payable</LEDGERNAME>
              <ISDEEMEDPOSITIVE>Yes</ISDEEMEDPOSITIVE>
              <AMOUNT>-27.39</AMOUNT>
            </ALLLEDGERENTRIES.LIST>
            <ALLLEDGERENTRIES.LIST>
              <LEDGERNAME>SGST Payable</LEDGERNAME>
              <ISDEEMEDPOSITIVE>Yes</ISDEEMEDPOSITIVE>
              <AMOUNT>-27.39</AMOUNT>
            </ALLLEDGERENTRIES.LIST>
            <ALLLEDGERENTRIES.LIST>
              <LEDGERNAME>Sales</LEDGERNAME>
              <ISDEEMEDPOSITIVE>Yes</ISDEEMEDPOSITIVE>
              <AMOUNT>-363.22</AMOUNT>
            </ALLLEDGERENTRIES.LIST>
          </VOUCHER>
        </TALLYMESSAGE>
        <TALLYMESSAGE>
          <VOUCHER>
            <DATE>20221011</DATE>
            <VOUCHERTYPENAME>Credit Note</VOUCHERTYPENAME>
            <PARTYLEDGERNAME>Cash</PARTYLEDGERNAME>
            <VOUCHERNUMBER>MAR2223153</VOUCHERNUMBER>
            <ALLLEDGERENTRIES.LIST>
              <LEDGERNAME>Cash</LEDGERNAME>
              <ISDEEMEDPOSITIVE>No</ISDEEMEDPOSITIVE>
              <AMOUNT>38</AMOUNT>
            </ALLLEDGERENTRIES.LIST>
            <ALLLEDGERENTRIES.LIST>
              <LEDGERNAME>CGST Payable</LEDGERNAME>
              <ISDEEMEDPOSITIVE>Yes</ISDEEMEDPOSITIVE>
              <AMOUNT>-2.9</AMOUNT>
            </ALLLEDGERENTRIES.LIST>
            <ALLLEDGERENTRIES.LIST>
              <LEDGERNAME>SGST Payable</LEDGERNAME>
              <ISDEEMEDPOSITIVE>Yes</ISDEEMEDPOSITIVE>
              <AMOUNT>-2.9</AMOUNT>
            </ALLLEDGERENTRIES.LIST>
            <ALLLEDGERENTRIES.LIST>
              <LEDGERNAME>Sales</LEDGERNAME>
              <ISDEEMEDPOSITIVE>Yes</ISDEEMEDPOSITIVE>
              <AMOUNT>-32.2</AMOUNT>
            </ALLLEDGERENTRIES.LIST>
          </VOUCHER>
        </TALLYMESSAGE>
        <TALLYMESSAGE>
          <VOUCHER>
            <DATE>20221010</DATE>
            <VOUCHERTYPENAME>Credit Note</VOUCHERTYPENAME>
            <PARTYLEDGERNAME>Cash</PARTYLEDGERNAME>
            <VOUCHERNUMBER>MAR2223151</VOUCHERNUMBER>
            <ALLLEDGERENTRIES.LIST>
              <LEDGERNAME>Cash</LEDGERNAME>
              <ISDEEMEDPOSITIVE>No</ISDEEMEDPOSITIVE>
              <AMOUNT>120</AMOUNT>
            </ALLLEDGERENTRIES.LIST>
            <ALLLEDGERENTRIES.LIST>
              <LEDGERNAME>CGST Payable</LEDGERNAME>
              <ISDEEMEDPOSITIVE>Yes</ISDEEMEDPOSITIVE>
              <AMOUNT>-9.15</AMOUNT>
            </ALLLEDGERENTRIES.LIST>
            <ALLLEDGERENTRIES.LIST>
              <LEDGERNAME>SGST Payable</LEDGERNAME>
              <ISDEEMEDPOSITIVE>Yes</ISDEEMEDPOSITIVE>
              <AMOUNT>-9.15</AMOUNT>
            </ALLLEDGERENTRIES.LIST>
            <ALLLEDGERENTRIES.LIST>
              <LEDGERNAME>Sales</LEDGERNAME>
              <ISDEEMEDPOSITIVE>Yes</ISDEEMEDPOSITIVE>
              <AMOUNT>-101.7</AMOUNT>
            </ALLLEDGERENTRIES.LIST>
          </VOUCHER>
        </TALLYMESSAGE>
        <TALLYMESSAGE>
          <VOUCHER>
            <DATE>20221009</DATE>
            <VOUCHERTYPENAME>Credit Note</VOUCHERTYPENAME>
            <PARTYLEDGERNAME>Cash</PARTYLEDGERNAME>
            <VOUCHERNUMBER>MAR2223150</VOUCHERNUMBER>
            <ALLLEDGERENTRIES.LIST>
              <LEDGERNAME>Cash</LEDGERNAME>
              <ISDEEMEDPOSITIVE>No</ISDEEMEDPOSITIVE>
              <AMOUNT>55</AMOUNT>
            </ALLLEDGERENTRIES.LIST>
            <ALLLEDGERENTRIES.LIST>
              <LEDGERNAME>CGST Payable</LEDGERNAME>
              <ISDEEMEDPOSITIVE>Yes</ISDEEMEDPOSITIVE>
              <AMOUNT>-4.19</AMOUNT>
            </ALLLEDGERENTRIES.LIST>
            <ALLLEDGERENTRIES.LIST>
              <LEDGERNAME>SGST Payable</LEDGERNAME>
              <ISDEEMEDPOSITIVE>Yes</ISDEEMEDPOSITIVE>
              <AMOUNT>-4.19</AMOUNT>
            </ALLLEDGERENTRIES.LIST>
            <ALLLEDGERENTRIES.LIST>
              <LEDGERNAME>Sales</LEDGERNAME>
              <ISDEEMEDPOSITIVE>Yes</ISDEEMEDPOSITIVE>
              <AMOUNT>-46.62</AMOUNT>
            </ALLLEDGERENTRIES.LIST>
          </VOUCHER>
        </TALLYMESSAGE>
        <TALLYMESSAGE>
          <VOUCHER>
            <DATE>20221008</DATE>
            <VOUCHERTYPENAME>Credit Note</VOUCHERTYPENAME>
            <PARTYLEDGERNAME>Cash</PARTYLEDGERNAME>
            <VOUCHERNUMBER>MAR2223149</VOUCHERNUMBER>
            <ALLLEDGERENTRIES.LIST>
              <LEDGERNAME>Cash</LEDGERNAME>
              <ISDEEMEDPOSITIVE>No</ISDEEMEDPOSITIVE>
              <AMOUNT>181</AMOUNT>
            </ALLLEDGERENTRIES.LIST>
            <ALLLEDGERENTRIES.LIST>
              <LEDGERNAME>CGST Payable</LEDGERNAME>
              <ISDEEMEDPOSITIVE>Yes</ISDEEMEDPOSITIVE>
              <AMOUNT>-12.75</AMOUNT>
            </ALLLEDGERENTRIES.LIST>
            <ALLLEDGERENTRIES.LIST>
              <LEDGERNAME>SGST Payable</LEDGERNAME>
              <ISDEEMEDPOSITIVE>Yes</ISDEEMEDPOSITIVE>
              <AMOUNT>-12.75</AMOUNT>
            </ALLLEDGERENTRIES.LIST>
            <ALLLEDGERENTRIES.LIST>
              <LEDGERNAME>Sales</LEDGERNAME>
              <ISDEEMEDPOSITIVE>Yes</ISDEEMEDPOSITIVE>
              <AMOUNT>-155.5</AMOUNT>
            </ALLLEDGERENTRIES.LIST>
          </VOUCHER>
        </TALLYMESSAGE>
        <TALLYMESSAGE>
          <VOUCHER>
            <DATE>20221007</DATE>
            <VOUCHERTYPENAME>Credit Note</VOUCHERTYPENAME>
            <PARTYLEDGERNAME>Cash</PARTYLEDGERNAME>
            <VOUCHERNUMBER>MAR2223148</VOUCHERNUMBER>
            <ALLLEDGERENTRIES.LIST>
              <LEDGERNAME>Cash</LEDGERNAME>
              <ISDEEMEDPOSITIVE>No</ISDEEMEDPOSITIVE>
              <AMOUNT>60</AMOUNT>
            </ALLLEDGERENTRIES.LIST>
            <ALLLEDGERENTRIES.LIST>
              <LEDGERNAME>CGST Payable</LEDGERNAME>
              <ISDEEMEDPOSITIVE>Yes</ISDEEMEDPOSITIVE>
              <AMOUNT>-4.58</AMOUNT>
            </ALLLEDGERENTRIES.LIST>
            <ALLLEDGERENTRIES.LIST>
              <LEDGERNAME>SGST Payable</LEDGERNAME>
              <ISDEEMEDPOSITIVE>Yes</ISDEEMEDPOSITIVE>
              <AMOUNT>-4.58</AMOUNT>
            </ALLLEDGERENTRIES.LIST>
            <ALLLEDGERENTRIES.LIST>
              <LEDGERNAME>Sales</LEDGERNAME>
              <ISDEEMEDPOSITIVE>Yes</ISDEEMEDPOSITIVE>
              <AMOUNT>-50.84</AMOUNT>
            </ALLLEDGERENTRIES.LIST>
          </VOUCHER>
        </TALLYMESSAGE>
        <TALLYMESSAGE>
          <VOUCHER>
            <DATE>20221007</DATE>
            <VOUCHERTYPENAME>Credit Note</VOUCHERTYPENAME>
            <PARTYLEDGERNAME>Cash</PARTYLEDGERNAME>
            <VOUCHERNUMBER>MF222333</VOUCHERNUMBER>
            <ALLLEDGERENTRIES.LIST>
              <LEDGERNAME>Cash</LEDGERNAME>
              <ISDEEMEDPOSITIVE>No</ISDEEMEDPOSITIVE>
              <AMOUNT>97</AMOUNT>
            </ALLLEDGERENTRIES.LIST>
            <ALLLEDGERENTRIES.LIST>
              <LEDGERNAME>CGST Payable</LEDGERNAME>
              <ISDEEMEDPOSITIVE>Yes</ISDEEMEDPOSITIVE>
              <AMOUNT>-6.1</AMOUNT>
            </ALLLEDGERENTRIES.LIST>
            <ALLLEDGERENTRIES.LIST>
              <LEDGERNAME>SGST Payable</LEDGERNAME>
              <ISDEEMEDPOSITIVE>Yes</ISDEEMEDPOSITIVE>
              <AMOUNT>-6.1</AMOUNT>
            </ALLLEDGERENTRIES.LIST>
            <ALLLEDGERENTRIES.LIST>
              <LEDGERNAME>Sales</LEDGERNAME>
              <ISDEEMEDPOSITIVE>Yes</ISDEEMEDPOSITIVE>
              <AMOUNT>-84.8</AMOUNT>
            </ALLLEDGERENTRIES.LIST>
          </VOUCHER>
        </TALLYMESSAGE>
        <TALLYMESSAGE>
          <VOUCHER>
            <DATE>20221004</DATE>
            <VOUCHERTYPENAME>Credit Note</VOUCHERTYPENAME>
            <PARTYLEDGERNAME>Cash</PARTYLEDGERNAME>
            <VOUCHERNUMBER>MAR2223146</VOUCHERNUMBER>
            <ALLLEDGERENTRIES.LIST>
              <LEDGERNAME>Cash</LEDGERNAME>
              <ISDEEMEDPOSITIVE>No</ISDEEMEDPOSITIVE>
              <AMOUNT>99</AMOUNT>
            </ALLLEDGERENTRIES.LIST>
            <ALLLEDGERENTRIES.LIST>
              <LEDGERNAME>CGST Payable</LEDGERNAME>
              <ISDEEMEDPOSITIVE>Yes</ISDEEMEDPOSITIVE>
              <AMOUNT>-7.55</AMOUNT>
            </ALLLEDGERENTRIES.LIST>
            <ALLLEDGERENTRIES.LIST>
              <LEDGERNAME>SGST Payable</LEDGERNAME>
              <ISDEEMEDPOSITIVE>Yes</ISDEEMEDPOSITIVE>
              <AMOUNT>-7.55</AMOUNT>
            </ALLLEDGERENTRIES.LIST>
            <ALLLEDGERENTRIES.LIST>
              <LEDGERNAME>Sales</LEDGERNAME>
              <ISDEEMEDPOSITIVE>Yes</ISDEEMEDPOSITIVE>
              <AMOUNT>-83.9</AMOUNT>
            </ALLLEDGERENTRIES.LIST>
          </VOUCHER>
        </TALLYMESSAGE>
        <TALLYMESSAGE>
          <VOUCHER>
            <DATE>20221004</DATE>
            <VOUCHERTYPENAME>Credit Note</VOUCHERTYPENAME>
            <PARTYLEDGERNAME>Cash</PARTYLEDGERNAME>
            <VOUCHERNUMBER>MAR2223147</VOUCHERNUMBER>
            <ALLLEDGERENTRIES.LIST>
              <LEDGERNAME>Cash</LEDGERNAME>
              <ISDEEMEDPOSITIVE>No</ISDEEMEDPOSITIVE>
              <AMOUNT>215</AMOUNT>
            </ALLLEDGERENTRIES.LIST>
            <ALLLEDGERENTRIES.LIST>
              <LEDGERNAME>Sales</LEDGERNAME>
              <ISDEEMEDPOSITIVE>Yes</ISDEEMEDPOSITIVE>
              <AMOUNT>-215</AMOUNT>
            </ALLLEDGERENTRIES.LIST>
          </VOUCHER>
        </TALLYMESSAGE>
        <TALLYMESSAGE>
          <VOUCHER>
            <DATE>20221004</DATE>
            <VOUCHERTYPENAME>Credit Note</VOUCHERTYPENAME>
            <PARTYLEDGERNAME>Cash</PARTYLEDGERNAME>
            <VOUCHERNUMBER>MF222332</VOUCHERNUMBER>
            <ALLLEDGERENTRIES.LIST>
              <LEDGERNAME>Cash</LEDGERNAME>
              <ISDEEMEDPOSITIVE>No</ISDEEMEDPOSITIVE>
              <AMOUNT>130</AMOUNT>
            </ALLLEDGERENTRIES.LIST>
            <ALLLEDGERENTRIES.LIST>
              <LEDGERNAME>CGST Payable</LEDGERNAME>
              <ISDEEMEDPOSITIVE>Yes</ISDEEMEDPOSITIVE>
              <AMOUNT>-3.1</AMOUNT>
            </ALLLEDGERENTRIES.LIST>
            <ALLLEDGERENTRIES.LIST>
              <LEDGERNAME>SGST Payable</LEDGERNAME>
              <ISDEEMEDPOSITIVE>Yes</ISDEEMEDPOSITIVE>
              <AMOUNT>-3.1</AMOUNT>
            </ALLLEDGERENTRIES.LIST>
            <ALLLEDGERENTRIES.LIST>
              <LEDGERNAME>Sales</LEDGERNAME>
              <ISDEEMEDPOSITIVE>Yes</ISDEEMEDPOSITIVE>
              <AMOUNT>-123.8</AMOUNT>
            </ALLLEDGERENTRIES.LIST>
          </VOUCHER>
        </TALLYMESSAGE>
        <TALLYMESSAGE>
          <VOUCHER>
            <DATE>20221003</DATE>
            <VOUCHERTYPENAME>Credit Note</VOUCHERTYPENAME>
            <PARTYLEDGERNAME>Cash</PARTYLEDGERNAME>
            <VOUCHERNUMBER>MF222331</VOUCHERNUMBER>
            <ALLLEDGERENTRIES.LIST>
              <LEDGERNAME>Cash</LEDGERNAME>
              <ISDEEMEDPOSITIVE>No</ISDEEMEDPOSITIVE>
              <AMOUNT>57</AMOUNT>
            </ALLLEDGERENTRIES.LIST>
            <ALLLEDGERENTRIES.LIST>
              <LEDGERNAME>CGST Payable</LEDGERNAME>
              <ISDEEMEDPOSITIVE>Yes</ISDEEMEDPOSITIVE>
              <AMOUNT>-1.3</AMOUNT>
            </ALLLEDGERENTRIES.LIST>
            <ALLLEDGERENTRIES.LIST>
              <LEDGERNAME>SGST Payable</LEDGERNAME>
              <ISDEEMEDPOSITIVE>Yes</ISDEEMEDPOSITIVE>
              <AMOUNT>-1.3</AMOUNT>
            </ALLLEDGERENTRIES.LIST>
            <ALLLEDGERENTRIES.LIST>
              <LEDGERNAME>Sales</LEDGERNAME>
              <ISDEEMEDPOSITIVE>Yes</ISDEEMEDPOSITIVE>
              <AMOUNT>-54.4</AMOUNT>
            </ALLLEDGERENTRIES.LIST>
          </VOUCHER>
        </TALLYMESSAGE>
        <TALLYMESSAGE>
          <VOUCHER>
            <DATE>20221002</DATE>
            <VOUCHERTYPENAME>Credit Note</VOUCHERTYPENAME>
            <PARTYLEDGERNAME>Cash</PARTYLEDGERNAME>
            <VOUCHERNUMBER>MF222330</VOUCHERNUMBER>
            <ALLLEDGERENTRIES.LIST>
              <LEDGERNAME>Cash</LEDGERNAME>
              <ISDEEMEDPOSITIVE>No</ISDEEMEDPOSITIVE>
              <AMOUNT>105</AMOUNT>
            </ALLLEDGERENTRIES.LIST>
            <ALLLEDGERENTRIES.LIST>
              <LEDGERNAME>Sales</LEDGERNAME>
              <ISDEEMEDPOSITIVE>Yes</ISDEEMEDPOSITIVE>
              <AMOUNT>-105</AMOUNT>
            </ALLLEDGERENTRIES.LIST>
          </VOUCHER>
        </TALLYMESSAGE>
        <TALLYMESSAGE>
          <VOUCHER>
            <DATE>20221001</DATE>
            <VOUCHERTYPENAME>Credit Note</VOUCHERTYPENAME>
            <PARTYLEDGERNAME>Cash</PARTYLEDGERNAME>
            <VOUCHERNUMBER>MF222329</VOUCHERNUMBER>
            <ALLLEDGERENTRIES.LIST>
              <LEDGERNAME>Cash</LEDGERNAME>
              <ISDEEMEDPOSITIVE>No</ISDEEMEDPOSITIVE>
              <AMOUNT>75</AMOUNT>
            </ALLLEDGERENTRIES.LIST>
            <ALLLEDGERENTRIES.LIST>
              <LEDGERNAME>CGST Payable</LEDGERNAME>
              <ISDEEMEDPOSITIVE>Yes</ISDEEMEDPOSITIVE>
              <AMOUNT>-1.79</AMOUNT>
            </ALLLEDGERENTRIES.LIST>
            <ALLLEDGERENTRIES.LIST>
              <LEDGERNAME>SGST Payable</LEDGERNAME>
              <ISDEEMEDPOSITIVE>Yes</ISDEEMEDPOSITIVE>
              <AMOUNT>-1.79</AMOUNT>
            </ALLLEDGERENTRIES.LIST>
            <ALLLEDGERENTRIES.LIST>
              <LEDGERNAME>Sales</LEDGERNAME>
              <ISDEEMEDPOSITIVE>Yes</ISDEEMEDPOSITIVE>
              <AMOUNT>-71.42</AMOUNT>
            </ALLLEDGERENTRIES.LIST>
          </VOUCHER>
        </TALLYMESSAGE>
      </REQUESTDATA>
    </IMPORTDATA>
  </BODY>
</ENVELOPE>