<?xml version="1.0" encoding="utf-8"?>
<ENVELOPE>
  <BODY>
    <IMPORTDATA>
      <REQUESTDATA>
        <TALLYMESSAGE>
          <VOUCHER>
            <DATE>20230128</DATE>
            <REFERENCE></REFERENCE>
            <VOUCHERTYPENAME>Credit Note</VOUCHERTYPENAME>
            <PARTYLEDGERNAME>Cash</PARTYLEDGERNAME>
            <VOUCHERNUMBER>MB222345</VOUCHERNUMBER>
            <ALLLEDGERENTRIES.LIST>
              <LEDGERNAME>Cash</LEDGERNAME>
              <ISDEEMEDPOSITIVE>No</ISDEEMEDPOSITIVE>
              <AMOUNT>349</AMOUNT>
            </ALLLEDGERENTRIES.LIST>
            <ALLLEDGERENTRIES.LIST>
              <LEDGERNAME>CGST Payable@6%</LEDGERNAME>
              <ISDEEMEDPOSITIVE>Yes</ISDEEMEDPOSITIVE>
              <AMOUNT>-1.61</AMOUNT>
            </ALLLEDGERENTRIES.LIST>
            <ALLLEDGERENTRIES.LIST>
              <LEDGERNAME>SGST Payable@6%</LEDGERNAME>
              <ISDEEMEDPOSITIVE>Yes</ISDEEMEDPOSITIVE>
              <AMOUNT>-1.61</AMOUNT>
            </ALLLEDGERENTRIES.LIST>
            <ALLLEDGERENTRIES.LIST>
              <LEDGERNAME>CGST Payable@2.5%</LEDGERNAME>
              <ISDEEMEDPOSITIVE>Yes</ISDEEMEDPOSITIVE>
              <AMOUNT>-2.38</AMOUNT>
            </ALLLEDGERENTRIES.LIST>
            <ALLLEDGERENTRIES.LIST>
              <LEDGERNAME>SGST Payable@2.5%</LEDGERNAME>
              <ISDEEMEDPOSITIVE>Yes</ISDEEMEDPOSITIVE>
              <AMOUNT>-2.38</AMOUNT>
            </ALLLEDGERENTRIES.LIST>
            <ALLLEDGERENTRIES.LIST>
              <LEDGERNAME>CGST Payable@9%</LEDGERNAME>
              <ISDEEMEDPOSITIVE>Yes</ISDEEMEDPOSITIVE>
              <AMOUNT>-16.71</AMOUNT>
            </ALLLEDGERENTRIES.LIST>
            <ALLLEDGERENTRIES.LIST>
              <LEDGERNAME>SGST Payable@9%</LEDGERNAME>
              <ISDEEMEDPOSITIVE>Yes</ISDEEMEDPOSITIVE>
              <AMOUNT>-16.71</AMOUNT>
            </ALLLEDGERENTRIES.LIST>
            <ALLLEDGERENTRIES.LIST>
              <LEDGERNAME>Sales@12%</LEDGERNAME>
              <ISDEEMEDPOSITIVE>Yes</ISDEEMEDPOSITIVE>
              <AMOUNT>-26.78</AMOUNT>
            </ALLLEDGERENTRIES.LIST>
            <ALLLEDGERENTRIES.LIST>
              <LEDGERNAME>Sales@5%</LEDGERNAME>
              <ISDEEMEDPOSITIVE>Yes</ISDEEMEDPOSITIVE>
              <AMOUNT>-95.24</AMOUNT>
            </ALLLEDGERENTRIES.LIST>
            <ALLLEDGERENTRIES.LIST>
              <LEDGERNAME>Sales@18%</LEDGERNAME>
              <ISDEEMEDPOSITIVE>Yes</ISDEEMEDPOSITIVE>
              <AMOUNT>-185.58</AMOUNT>
            </ALLLEDGERENTRIES.LIST>
          </VOUCHER>
        </TALLYMESSAGE>
        <TALLYMESSAGE>
          <VOUCHER>
            <DATE>20230124</DATE>
            <VOUCHERTYPENAME>Credit Note</VOUCHERTYPENAME>
            <PARTYLEDGERNAME>Cash</PARTYLEDGERNAME>
            <VOUCHERNUMBER>MAR2223202</VOUCHERNUMBER>
            <ALLLEDGERENTRIES.LIST>
              <LEDGERNAME>Cash</LEDGERNAME>
              <ISDEEMEDPOSITIVE>No</ISDEEMEDPOSITIVE>
              <AMOUNT>33</AMOUNT>
            </ALLLEDGERENTRIES.LIST>
            <ALLLEDGERENTRIES.LIST>
              <LEDGERNAME>CGST Payable</LEDGERNAME>
              <ISDEEMEDPOSITIVE>Yes</ISDEEMEDPOSITIVE>
              <AMOUNT>-2.52</AMOUNT>
            </ALLLEDGERENTRIES.LIST>
            <ALLLEDGERENTRIES.LIST>
              <LEDGERNAME>SGST Payable</LEDGERNAME>
              <ISDEEMEDPOSITIVE>Yes</ISDEEMEDPOSITIVE>
              <AMOUNT>-2.52</AMOUNT>
            </ALLLEDGERENTRIES.LIST>
            <ALLLEDGERENTRIES.LIST>
              <LEDGERNAME>Sales</LEDGERNAME>
              <ISDEEMEDPOSITIVE>Yes</ISDEEMEDPOSITIVE>
              <AMOUNT>-27.96</AMOUNT>
            </ALLLEDGERENTRIES.LIST>
          </VOUCHER>
        </TALLYMESSAGE>
        <TALLYMESSAGE>
          <VOUCHER>
            <DATE>20230124</DATE>
            <VOUCHERTYPENAME>Credit Note</VOUCHERTYPENAME>
            <PARTYLEDGERNAME>Cash</PARTYLEDGERNAME>
            <VOUCHERNUMBER>MF222350</VOUCHERNUMBER>
            <ALLLEDGERENTRIES.LIST>
              <LEDGERNAME>Cash</LEDGERNAME>
              <ISDEEMEDPOSITIVE>No</ISDEEMEDPOSITIVE>
              <AMOUNT>140</AMOUNT>
            </ALLLEDGERENTRIES.LIST>
            <ALLLEDGERENTRIES.LIST>
              <LEDGERNAME>CGST Payable</LEDGERNAME>
              <ISDEEMEDPOSITIVE>Yes</ISDEEMEDPOSITIVE>
              <AMOUNT>-10.68</AMOUNT>
            </ALLLEDGERENTRIES.LIST>
            <ALLLEDGERENTRIES.LIST>
              <LEDGERNAME>SGST Payable</LEDGERNAME>
              <ISDEEMEDPOSITIVE>Yes</ISDEEMEDPOSITIVE>
              <AMOUNT>-10.68</AMOUNT>
            </ALLLEDGERENTRIES.LIST>
            <ALLLEDGERENTRIES.LIST>
              <LEDGERNAME>Sales</LEDGERNAME>
              <ISDEEMEDPOSITIVE>Yes</ISDEEMEDPOSITIVE>
              <AMOUNT>-118.64</AMOUNT>
            </ALLLEDGERENTRIES.LIST>
          </VOUCHER>
        </TALLYMESSAGE>
        <TALLYMESSAGE>
          <VOUCHER>
            <DATE>20230123</DATE>
            <VOUCHERTYPENAME>Credit Note</VOUCHERTYPENAME>
            <PARTYLEDGERNAME>Cash</PARTYLEDGERNAME>
            <VOUCHERNUMBER>MF222349</VOUCHERNUMBER>
            <ALLLEDGERENTRIES.LIST>
              <LEDGERNAME>Cash</LEDGERNAME>
              <ISDEEMEDPOSITIVE>No</ISDEEMEDPOSITIVE>
              <AMOUNT>8</AMOUNT>
            </ALLLEDGERENTRIES.LIST>
            <ALLLEDGERENTRIES.LIST>
              <LEDGERNAME>CGST Payable</LEDGERNAME>
              <ISDEEMEDPOSITIVE>Yes</ISDEEMEDPOSITIVE>
              <AMOUNT>-0.43</AMOUNT>
            </ALLLEDGERENTRIES.LIST>
            <ALLLEDGERENTRIES.LIST>
              <LEDGERNAME>SGST Payable</LEDGERNAME>
              <ISDEEMEDPOSITIVE>Yes</ISDEEMEDPOSITIVE>
              <AMOUNT>-0.43</AMOUNT>
            </ALLLEDGERENTRIES.LIST>
            <ALLLEDGERENTRIES.LIST>
              <LEDGERNAME>Sales</LEDGERNAME>
              <ISDEEMEDPOSITIVE>Yes</ISDEEMEDPOSITIVE>
              <AMOUNT>-7.14</AMOUNT>
            </ALLLEDGERENTRIES.LIST>
          </VOUCHER>
        </TALLYMESSAGE>
        <TALLYMESSAGE>
          <VOUCHER>
            <DATE>20230123</DATE>
            <VOUCHERTYPENAME>Credit Note</VOUCHERTYPENAME>
            <PARTYLEDGERNAME>Cash</PARTYLEDGERNAME>
            <VOUCHERNUMBER>MF222347</VOUCHERNUMBER>
            <ALLLEDGERENTRIES.LIST>
              <LEDGERNAME>Cash</LEDGERNAME>
              <ISDEEMEDPOSITIVE>No</ISDEEMEDPOSITIVE>
              <AMOUNT>55</AMOUNT>
            </ALLLEDGERENTRIES.LIST>
            <ALLLEDGERENTRIES.LIST>
              <LEDGERNAME>CGST Payable</LEDGERNAME>
              <ISDEEMEDPOSITIVE>Yes</ISDEEMEDPOSITIVE>
              <AMOUNT>-4.19</AMOUNT>
            </ALLLEDGERENTRIES.LIST>
            <ALLLEDGERENTRIES.LIST>
              <LEDGERNAME>SGST Payable</LEDGERNAME>
              <ISDEEMEDPOSITIVE>Yes</ISDEEMEDPOSITIVE>
              <AMOUNT>-4.19</AMOUNT>
            </ALLLEDGERENTRIES.LIST>
            <ALLLEDGERENTRIES.LIST>
              <LEDGERNAME>Sales</LEDGERNAME>
              <ISDEEMEDPOSITIVE>Yes</ISDEEMEDPOSITIVE>
              <AMOUNT>-46.62</AMOUNT>
            </ALLLEDGERENTRIES.LIST>
          </VOUCHER>
        </TALLYMESSAGE>
        <TALLYMESSAGE>
          <VOUCHER>
            <DATE>20230123</DATE>
            <VOUCHERTYPENAME>Credit Note</VOUCHERTYPENAME>
            <PARTYLEDGERNAME>Cash</PARTYLEDGERNAME>
            <VOUCHERNUMBER>MF222348</VOUCHERNUMBER>
            <ALLLEDGERENTRIES.LIST>
              <LEDGERNAME>Cash</LEDGERNAME>
              <ISDEEMEDPOSITIVE>No</ISDEEMEDPOSITIVE>
              <AMOUNT>6</AMOUNT>
            </ALLLEDGERENTRIES.LIST>
            <ALLLEDGERENTRIES.LIST>
              <LEDGERNAME>CGST Payable</LEDGERNAME>
              <ISDEEMEDPOSITIVE>Yes</ISDEEMEDPOSITIVE>
              <AMOUNT>-0.32</AMOUNT>
            </ALLLEDGERENTRIES.LIST>
            <ALLLEDGERENTRIES.LIST>
              <LEDGERNAME>SGST Payable</LEDGERNAME>
              <ISDEEMEDPOSITIVE>Yes</ISDEEMEDPOSITIVE>
              <AMOUNT>-0.32</AMOUNT>
            </ALLLEDGERENTRIES.LIST>
            <ALLLEDGERENTRIES.LIST>
              <LEDGERNAME>Sales</LEDGERNAME>
              <ISDEEMEDPOSITIVE>Yes</ISDEEMEDPOSITIVE>
              <AMOUNT>-5.36</AMOUNT>
            </ALLLEDGERENTRIES.LIST>
          </VOUCHER>
        </TALLYMESSAGE>
        <TALLYMESSAGE>
          <VOUCHER>
            <DATE>20230122</DATE>
            <VOUCHERTYPENAME>Credit Note</VOUCHERTYPENAME>
            <PARTYLEDGERNAME>Cash</PARTYLEDGERNAME>
            <VOUCHERNUMBER>MAR2223201</VOUCHERNUMBER>
            <ALLLEDGERENTRIES.LIST>
              <LEDGERNAME>Cash</LEDGERNAME>
              <ISDEEMEDPOSITIVE>No</ISDEEMEDPOSITIVE>
              <AMOUNT>138</AMOUNT>
            </ALLLEDGERENTRIES.LIST>
            <ALLLEDGERENTRIES.LIST>
              <LEDGERNAME>CGST Payable</LEDGERNAME>
              <ISDEEMEDPOSITIVE>Yes</ISDEEMEDPOSITIVE>
              <AMOUNT>-10.53</AMOUNT>
            </ALLLEDGERENTRIES.LIST>
            <ALLLEDGERENTRIES.LIST>
              <LEDGERNAME>SGST Payable</LEDGERNAME>
              <ISDEEMEDPOSITIVE>Yes</ISDEEMEDPOSITIVE>
              <AMOUNT>-10.53</AMOUNT>
            </ALLLEDGERENTRIES.LIST>
            <ALLLEDGERENTRIES.LIST>
              <LEDGERNAME>Sales</LEDGERNAME>
              <ISDEEMEDPOSITIVE>Yes</ISDEEMEDPOSITIVE>
              <AMOUNT>-116.94</AMOUNT>
            </ALLLEDGERENTRIES.LIST>
          </VOUCHER>
        </TALLYMESSAGE>
        <TALLYMESSAGE>
          <VOUCHER>
            <DATE>20230121</DATE>
            <VOUCHERTYPENAME>Credit Note</VOUCHERTYPENAME>
            <PARTYLEDGERNAME>Cash</PARTYLEDGERNAME>
            <VOUCHERNUMBER>MF222346</VOUCHERNUMBER>
            <ALLLEDGERENTRIES.LIST>
              <LEDGERNAME>Cash</LEDGERNAME>
              <ISDEEMEDPOSITIVE>No</ISDEEMEDPOSITIVE>
              <AMOUNT>475</AMOUNT>
            </ALLLEDGERENTRIES.LIST>
            <ALLLEDGERENTRIES.LIST>
              <LEDGERNAME>CGST Payable</LEDGERNAME>
              <ISDEEMEDPOSITIVE>Yes</ISDEEMEDPOSITIVE>
              <AMOUNT>-36.23</AMOUNT>
            </ALLLEDGERENTRIES.LIST>
            <ALLLEDGERENTRIES.LIST>
              <LEDGERNAME>SGST Payable</LEDGERNAME>
              <ISDEEMEDPOSITIVE>Yes</ISDEEMEDPOSITIVE>
              <AMOUNT>-36.23</AMOUNT>
            </ALLLEDGERENTRIES.LIST>
            <ALLLEDGERENTRIES.LIST>
              <LEDGERNAME>Sales</LEDGERNAME>
              <ISDEEMEDPOSITIVE>Yes</ISDEEMEDPOSITIVE>
              <AMOUNT>-402.54</AMOUNT>
            </ALLLEDGERENTRIES.LIST>
          </VOUCHER>
        </TALLYMESSAGE>
        <TALLYMESSAGE>
          <VOUCHER>
            <DATE>20230113</DATE>
            <VOUCHERTYPENAME>Credit Note</VOUCHERTYPENAME>
            <PARTYLEDGERNAME>Cash</PARTYLEDGERNAME>
            <VOUCHERNUMBER>MAR2223200</VOUCHERNUMBER>
            <ALLLEDGERENTRIES.LIST>
              <LEDGERNAME>Cash</LEDGERNAME>
              <ISDEEMEDPOSITIVE>No</ISDEEMEDPOSITIVE>
              <AMOUNT>37</AMOUNT>
            </ALLLEDGERENTRIES.LIST>
            <ALLLEDGERENTRIES.LIST>
              <LEDGERNAME>CGST Payable</LEDGERNAME>
              <ISDEEMEDPOSITIVE>Yes</ISDEEMEDPOSITIVE>
              <AMOUNT>-1.98</AMOUNT>
            </ALLLEDGERENTRIES.LIST>
            <ALLLEDGERENTRIES.LIST>
              <LEDGERNAME>SGST Payable</LEDGERNAME>
              <ISDEEMEDPOSITIVE>Yes</ISDEEMEDPOSITIVE>
              <AMOUNT>-1.98</AMOUNT>
            </ALLLEDGERENTRIES.LIST>
            <ALLLEDGERENTRIES.LIST>
              <LEDGERNAME>Sales</LEDGERNAME>
              <ISDEEMEDPOSITIVE>Yes</ISDEEMEDPOSITIVE>
              <AMOUNT>-33.04</AMOUNT>
            </ALLLEDGERENTRIES.LIST>
          </VOUCHER>
        </TALLYMESSAGE>
        <TALLYMESSAGE>
          <VOUCHER>
            <DATE>20230110</DATE>
            <VOUCHERTYPENAME>Credit Note</VOUCHERTYPENAME>
            <PARTYLEDGERNAME>Cash</PARTYLEDGERNAME>
            <VOUCHERNUMBER>MAR2223199</VOUCHERNUMBER>
            <ALLLEDGERENTRIES.LIST>
              <LEDGERNAME>Cash</LEDGERNAME>
              <ISDEEMEDPOSITIVE>No</ISDEEMEDPOSITIVE>
              <AMOUNT>24</AMOUNT>
            </ALLLEDGERENTRIES.LIST>
            <ALLLEDGERENTRIES.LIST>
              <LEDGERNAME>CGST Payable</LEDGERNAME>
              <ISDEEMEDPOSITIVE>Yes</ISDEEMEDPOSITIVE>
              <AMOUNT>-1.83</AMOUNT>
            </ALLLEDGERENTRIES.LIST>
            <ALLLEDGERENTRIES.LIST>
              <LEDGERNAME>SGST Payable</LEDGERNAME>
              <ISDEEMEDPOSITIVE>Yes</ISDEEMEDPOSITIVE>
              <AMOUNT>-1.83</AMOUNT>
            </ALLLEDGERENTRIES.LIST>
            <ALLLEDGERENTRIES.LIST>
              <LEDGERNAME>Sales</LEDGERNAME>
              <ISDEEMEDPOSITIVE>Yes</ISDEEMEDPOSITIVE>
              <AMOUNT>-20.34</AMOUNT>
            </ALLLEDGERENTRIES.LIST>
          </VOUCHER>
        </TALLYMESSAGE>
        <TALLYMESSAGE>
          <VOUCHER>
            <DATE>20230109</DATE>
            <VOUCHERTYPENAME>Credit Note</VOUCHERTYPENAME>
            <PARTYLEDGERNAME>Cash</PARTYLEDGERNAME>
            <VOUCHERNUMBER>MAR2223198</VOUCHERNUMBER>
            <ALLLEDGERENTRIES.LIST>
              <LEDGERNAME>Cash</LEDGERNAME>
              <ISDEEMEDPOSITIVE>No</ISDEEMEDPOSITIVE>
              <AMOUNT>45</AMOUNT>
            </ALLLEDGERENTRIES.LIST>
            <ALLLEDGERENTRIES.LIST>
              <LEDGERNAME>CGST Payable</LEDGERNAME>
              <ISDEEMEDPOSITIVE>Yes</ISDEEMEDPOSITIVE>
              <AMOUNT>-3.43</AMOUNT>
            </ALLLEDGERENTRIES.LIST>
            <ALLLEDGERENTRIES.LIST>
              <LEDGERNAME>SGST Payable</LEDGERNAME>
              <ISDEEMEDPOSITIVE>Yes</ISDEEMEDPOSITIVE>
              <AMOUNT>-3.43</AMOUNT>
            </ALLLEDGERENTRIES.LIST>
            <ALLLEDGERENTRIES.LIST>
              <LEDGERNAME>Sales</LEDGERNAME>
              <ISDEEMEDPOSITIVE>Yes</ISDEEMEDPOSITIVE>
              <AMOUNT>-38.14</AMOUNT>
            </ALLLEDGERENTRIES.LIST>
          </VOUCHER>
        </TALLYMESSAGE>
        <TALLYMESSAGE>
          <VOUCHER>
            <DATE>20230108</DATE>
            <VOUCHERTYPENAME>Credit Note</VOUCHERTYPENAME>
            <PARTYLEDGERNAME>Cash</PARTYLEDGERNAME>
            <VOUCHERNUMBER>MAR2223197</VOUCHERNUMBER>
            <ALLLEDGERENTRIES.LIST>
              <LEDGERNAME>Cash</LEDGERNAME>
              <ISDEEMEDPOSITIVE>No</ISDEEMEDPOSITIVE>
              <AMOUNT>878</AMOUNT>
            </ALLLEDGERENTRIES.LIST>
            <ALLLEDGERENTRIES.LIST>
              <LEDGERNAME>Rounded off (Surplus)</LEDGERNAME>
              <ISDEEMEDPOSITIVE>Yes</ISDEEMEDPOSITIVE>
              <AMOUNT>-0.5</AMOUNT>
            </ALLLEDGERENTRIES.LIST>
            <ALLLEDGERENTRIES.LIST>
              <LEDGERNAME>CGST Payable</LEDGERNAME>
              <ISDEEMEDPOSITIVE>Yes</ISDEEMEDPOSITIVE>
              <AMOUNT>-66.93</AMOUNT>
            </ALLLEDGERENTRIES.LIST>
            <ALLLEDGERENTRIES.LIST>
              <LEDGERNAME>SGST Payable</LEDGERNAME>
              <ISDEEMEDPOSITIVE>Yes</ISDEEMEDPOSITIVE>
              <AMOUNT>-66.93</AMOUNT>
            </ALLLEDGERENTRIES.LIST>
            <ALLLEDGERENTRIES.LIST>
              <LEDGERNAME>Sales</LEDGERNAME>
              <ISDEEMEDPOSITIVE>Yes</ISDEEMEDPOSITIVE>
              <AMOUNT>-743.64</AMOUNT>
            </ALLLEDGERENTRIES.LIST>
          </VOUCHER>
        </TALLYMESSAGE>
        <TALLYMESSAGE>
          <VOUCHER>
            <DATE>20230104</DATE>
            <VOUCHERTYPENAME>Credit Note</VOUCHERTYPENAME>
            <PARTYLEDGERNAME>Cash</PARTYLEDGERNAME>
            <VOUCHERNUMBER>MAR2223196</VOUCHERNUMBER>
            <ALLLEDGERENTRIES.LIST>
              <LEDGERNAME>Cash</LEDGERNAME>
              <ISDEEMEDPOSITIVE>No</ISDEEMEDPOSITIVE>
              <AMOUNT>60</AMOUNT>
            </ALLLEDGERENTRIES.LIST>
            <ALLLEDGERENTRIES.LIST>
              <LEDGERNAME>CGST Payable</LEDGERNAME>
              <ISDEEMEDPOSITIVE>Yes</ISDEEMEDPOSITIVE>
              <AMOUNT>-4.58</AMOUNT>
            </ALLLEDGERENTRIES.LIST>
            <ALLLEDGERENTRIES.LIST>
              <LEDGERNAME>SGST Payable</LEDGERNAME>
              <ISDEEMEDPOSITIVE>Yes</ISDEEMEDPOSITIVE>
              <AMOUNT>-4.58</AMOUNT>
            </ALLLEDGERENTRIES.LIST>
            <ALLLEDGERENTRIES.LIST>
              <LEDGERNAME>Sales</LEDGERNAME>
              <ISDEEMEDPOSITIVE>Yes</ISDEEMEDPOSITIVE>
              <AMOUNT>-50.84</AMOUNT>
            </ALLLEDGERENTRIES.LIST>
          </VOUCHER>
        </TALLYMESSAGE>
        <TALLYMESSAGE>
          <VOUCHER>
            <DATE>20230104</DATE>
            <VOUCHERTYPENAME>Credit Note</VOUCHERTYPENAME>
            <PARTYLEDGERNAME>Cash</PARTYLEDGERNAME>
            <VOUCHERNUMBER>MF222345</VOUCHERNUMBER>
            <ALLLEDGERENTRIES.LIST>
              <LEDGERNAME>Cash</LEDGERNAME>
              <ISDEEMEDPOSITIVE>No</ISDEEMEDPOSITIVE>
              <AMOUNT>38</AMOUNT>
            </ALLLEDGERENTRIES.LIST>
            <ALLLEDGERENTRIES.LIST>
              <LEDGERNAME>CGST Payable</LEDGERNAME>
              <ISDEEMEDPOSITIVE>Yes</ISDEEMEDPOSITIVE>
              <AMOUNT>-2.9</AMOUNT>
            </ALLLEDGERENTRIES.LIST>
            <ALLLEDGERENTRIES.LIST>
              <LEDGERNAME>SGST Payable</LEDGERNAME>
              <ISDEEMEDPOSITIVE>Yes</ISDEEMEDPOSITIVE>
              <AMOUNT>-2.9</AMOUNT>
            </ALLLEDGERENTRIES.LIST>
            <ALLLEDGERENTRIES.LIST>
              <LEDGERNAME>Sales</LEDGERNAME>
              <ISDEEMEDPOSITIVE>Yes</ISDEEMEDPOSITIVE>
              <AMOUNT>-32.2</AMOUNT>
            </ALLLEDGERENTRIES.LIST>
          </VOUCHER>
        </TALLYMESSAGE>
        <TALLYMESSAGE>
          <VOUCHER>
            <DATE>20230103</DATE>
            <VOUCHERTYPENAME>Credit Note</VOUCHERTYPENAME>
            <PARTYLEDGERNAME>Cash</PARTYLEDGERNAME>
            <VOUCHERNUMBER>MAR2223195</VOUCHERNUMBER>
            <ALLLEDGERENTRIES.LIST>
              <LEDGERNAME>Cash</LEDGERNAME>
              <ISDEEMEDPOSITIVE>No</ISDEEMEDPOSITIVE>
              <AMOUNT>183</AMOUNT>
            </ALLLEDGERENTRIES.LIST>
            <ALLLEDGERENTRIES.LIST>
              <LEDGERNAME>CGST Payable</LEDGERNAME>
              <ISDEEMEDPOSITIVE>Yes</ISDEEMEDPOSITIVE>
              <AMOUNT>-12.42</AMOUNT>
            </ALLLEDGERENTRIES.LIST>
            <ALLLEDGERENTRIES.LIST>
              <LEDGERNAME>SGST Payable</LEDGERNAME>
              <ISDEEMEDPOSITIVE>Yes</ISDEEMEDPOSITIVE>
              <AMOUNT>-12.42</AMOUNT>
            </ALLLEDGERENTRIES.LIST>
            <ALLLEDGERENTRIES.LIST>
              <LEDGERNAME>Sales</LEDGERNAME>
              <ISDEEMEDPOSITIVE>Yes</ISDEEMEDPOSITIVE>
              <AMOUNT>-158.16</AMOUNT>
            </ALLLEDGERENTRIES.LIST>
          </VOUCHER>
        </TALLYMESSAGE>
        <TALLYMESSAGE>
          <VOUCHER>
            <DATE>20230102</DATE>
            <VOUCHERTYPENAME>Credit Note</VOUCHERTYPENAME>
            <PARTYLEDGERNAME>Cash</PARTYLEDGERNAME>
            <VOUCHERNUMBER>MAR2223194</VOUCHERNUMBER>
            <ALLLEDGERENTRIES.LIST>
              <LEDGERNAME>Cash</LEDGERNAME>
              <ISDEEMEDPOSITIVE>No</ISDEEMEDPOSITIVE>
              <AMOUNT>944</AMOUNT>
            </ALLLEDGERENTRIES.LIST>
            <ALLLEDGERENTRIES.LIST>
              <LEDGERNAME>CGST Payable</LEDGERNAME>
              <ISDEEMEDPOSITIVE>Yes</ISDEEMEDPOSITIVE>
              <AMOUNT>-54.29</AMOUNT>
            </ALLLEDGERENTRIES.LIST>
            <ALLLEDGERENTRIES.LIST>
              <LEDGERNAME>SGST Payable</LEDGERNAME>
              <ISDEEMEDPOSITIVE>Yes</ISDEEMEDPOSITIVE>
              <AMOUNT>-54.29</AMOUNT>
            </ALLLEDGERENTRIES.LIST>
            <ALLLEDGERENTRIES.LIST>
              <LEDGERNAME>Sales</LEDGERNAME>
              <ISDEEMEDPOSITIVE>Yes</ISDEEMEDPOSITIVE>
              <AMOUNT>-835.42</AMOUNT>
            </ALLLEDGERENTRIES.LIST>
          </VOUCHER>
        </TALLYMESSAGE>
        <TALLYMESSAGE>
          <VOUCHER>
            <DATE>20230101</DATE>
            <VOUCHERTYPENAME>Credit Note</VOUCHERTYPENAME>
            <PARTYLEDGERNAME>Cash</PARTYLEDGERNAME>
            <VOUCHERNUMBER>MF222344</VOUCHERNUMBER>
            <ALLLEDGERENTRIES.LIST>
              <LEDGERNAME>Cash</LEDGERNAME>
              <ISDEEMEDPOSITIVE>No</ISDEEMEDPOSITIVE>
              <AMOUNT>10</AMOUNT>
            </ALLLEDGERENTRIES.LIST>
            <ALLLEDGERENTRIES.LIST>
              <LEDGERNAME>CGST Payable</LEDGERNAME>
              <ISDEEMEDPOSITIVE>Yes</ISDEEMEDPOSITIVE>
              <AMOUNT>-0.76</AMOUNT>
            </ALLLEDGERENTRIES.LIST>
            <ALLLEDGERENTRIES.LIST>
              <LEDGERNAME>SGST Payable</LEDGERNAME>
              <ISDEEMEDPOSITIVE>Yes</ISDEEMEDPOSITIVE>
              <AMOUNT>-0.76</AMOUNT>
            </ALLLEDGERENTRIES.LIST>
            <ALLLEDGERENTRIES.LIST>
              <LEDGERNAME>Sales</LEDGERNAME>
              <ISDEEMEDPOSITIVE>Yes</ISDEEMEDPOSITIVE>
              <AMOUNT>-8.48</AMOUNT>
            </ALLLEDGERENTRIES.LIST>
          </VOUCHER>
        </TALLYMESSAGE>
      </REQUESTDATA>
    </IMPORTDATA>
  </BODY>
</ENVELOPE>