<?xml version="1.0" encoding="utf-8"?>
<ENVELOPE>
  <BODY>
    <IMPORTDATA>
      <REQUESTDATA>
        <TALLYMESSAGE>
          <VOUCHER>
            <DATE>20220731</DATE>
            <REFERENCE>MAR222316535</REFERENCE>
            <VOUCHERTYPENAME>Credit Note</VOUCHERTYPENAME>
            <PARTYLEDGERNAME>Cash</PARTYLEDGERNAME>
            <VOUCHERNUMBER>MAR2223102</VOUCHERNUMBER>
            <ALLLEDGERENTRIES.LIST>
              <LEDGERNAME>Cash</LEDGERNAME>
              <ISDEEMEDPOSITIVE>No</ISDEEMEDPOSITIVE>
              <AMOUNT>740</AMOUNT>
            </ALLLEDGERENTRIES.LIST>
            <ALLLEDGERENTRIES.LIST>
              <LEDGERNAME>CGST Payable</LEDGERNAME>
              <ISDEEMEDPOSITIVE>Yes</ISDEEMEDPOSITIVE>
              <AMOUNT>-39.64</AMOUNT>
            </ALLLEDGERENTRIES.LIST>
            <ALLLEDGERENTRIES.LIST>
              <LEDGERNAME>SGST Payable</LEDGERNAME>
              <ISDEEMEDPOSITIVE>Yes</ISDEEMEDPOSITIVE>
              <AMOUNT>-39.64</AMOUNT>
            </ALLLEDGERENTRIES.LIST>
            <ALLLEDGERENTRIES.LIST>
              <LEDGERNAME>Sales</LEDGERNAME>
              <ISDEEMEDPOSITIVE>Yes</ISDEEMEDPOSITIVE>
              <AMOUNT>-660.72</AMOUNT>
            </ALLLEDGERENTRIES.LIST>
          </VOUCHER>
        </TALLYMESSAGE>
        <TALLYMESSAGE>
          <VOUCHER>
            <DATE>20220726</DATE>
            <VOUCHERTYPENAME>Credit Note</VOUCHERTYPENAME>
            <PARTYLEDGERNAME>Cash</PARTYLEDGERNAME>
            <VOUCHERNUMBER>MAR2223101</VOUCHERNUMBER>
            <ALLLEDGERENTRIES.LIST>
              <LEDGERNAME>Cash</LEDGERNAME>
              <ISDEEMEDPOSITIVE>No</ISDEEMEDPOSITIVE>
              <AMOUNT>70</AMOUNT>
            </ALLLEDGERENTRIES.LIST>
            <ALLLEDGERENTRIES.LIST>
              <LEDGERNAME>CGST Payable</LEDGERNAME>
              <ISDEEMEDPOSITIVE>Yes</ISDEEMEDPOSITIVE>
              <AMOUNT>-3.75</AMOUNT>
            </ALLLEDGERENTRIES.LIST>
            <ALLLEDGERENTRIES.LIST>
              <LEDGERNAME>SGST Payable</LEDGERNAME>
              <ISDEEMEDPOSITIVE>Yes</ISDEEMEDPOSITIVE>
              <AMOUNT>-3.75</AMOUNT>
            </ALLLEDGERENTRIES.LIST>
            <ALLLEDGERENTRIES.LIST>
              <LEDGERNAME>Sales</LEDGERNAME>
              <ISDEEMEDPOSITIVE>Yes</ISDEEMEDPOSITIVE>
              <AMOUNT>-62.5</AMOUNT>
            </ALLLEDGERENTRIES.LIST>
          </VOUCHER>
        </TALLYMESSAGE>
        <TALLYMESSAGE>
          <VOUCHER>
            <DATE>20220723</DATE>
            <VOUCHERTYPENAME>Credit Note</VOUCHERTYPENAME>
            <PARTYLEDGERNAME>Cash</PARTYLEDGERNAME>
            <VOUCHERNUMBER>MAR2223100</VOUCHERNUMBER>
            <ALLLEDGERENTRIES.LIST>
              <LEDGERNAME>Cash</LEDGERNAME>
              <ISDEEMEDPOSITIVE>No</ISDEEMEDPOSITIVE>
              <AMOUNT>190</AMOUNT>
            </ALLLEDGERENTRIES.LIST>
            <ALLLEDGERENTRIES.LIST>
              <LEDGERNAME>CGST Payable</LEDGERNAME>
              <ISDEEMEDPOSITIVE>Yes</ISDEEMEDPOSITIVE>
              <AMOUNT>-14.49</AMOUNT>
            </ALLLEDGERENTRIES.LIST>
            <ALLLEDGERENTRIES.LIST>
              <LEDGERNAME>SGST Payable</LEDGERNAME>
              <ISDEEMEDPOSITIVE>Yes</ISDEEMEDPOSITIVE>
              <AMOUNT>-14.49</AMOUNT>
            </ALLLEDGERENTRIES.LIST>
            <ALLLEDGERENTRIES.LIST>
              <LEDGERNAME>Sales</LEDGERNAME>
              <ISDEEMEDPOSITIVE>Yes</ISDEEMEDPOSITIVE>
              <AMOUNT>-161.02</AMOUNT>
            </ALLLEDGERENTRIES.LIST>
          </VOUCHER>
        </TALLYMESSAGE>
        <TALLYMESSAGE>
          <VOUCHER>
            <DATE>20220722</DATE>
            <VOUCHERTYPENAME>Credit Note</VOUCHERTYPENAME>
            <PARTYLEDGERNAME>Cash</PARTYLEDGERNAME>
            <VOUCHERNUMBER>MAR222399</VOUCHERNUMBER>
            <ALLLEDGERENTRIES.LIST>
              <LEDGERNAME>Cash</LEDGERNAME>
              <ISDEEMEDPOSITIVE>No</ISDEEMEDPOSITIVE>
              <AMOUNT>216</AMOUNT>
            </ALLLEDGERENTRIES.LIST>
            <ALLLEDGERENTRIES.LIST>
              <LEDGERNAME>CGST Payable</LEDGERNAME>
              <ISDEEMEDPOSITIVE>Yes</ISDEEMEDPOSITIVE>
              <AMOUNT>-11.58</AMOUNT>
            </ALLLEDGERENTRIES.LIST>
            <ALLLEDGERENTRIES.LIST>
              <LEDGERNAME>SGST Payable</LEDGERNAME>
              <ISDEEMEDPOSITIVE>Yes</ISDEEMEDPOSITIVE>
              <AMOUNT>-11.58</AMOUNT>
            </ALLLEDGERENTRIES.LIST>
            <ALLLEDGERENTRIES.LIST>
              <LEDGERNAME>Sales</LEDGERNAME>
              <ISDEEMEDPOSITIVE>Yes</ISDEEMEDPOSITIVE>
              <AMOUNT>-192.84</AMOUNT>
            </ALLLEDGERENTRIES.LIST>
          </VOUCHER>
        </TALLYMESSAGE>
        <TALLYMESSAGE>
          <VOUCHER>
            <DATE>20220719</DATE>
            <VOUCHERTYPENAME>Credit Note</VOUCHERTYPENAME>
            <PARTYLEDGERNAME>Cash</PARTYLEDGERNAME>
            <VOUCHERNUMBER>MAR222398</VOUCHERNUMBER>
            <ALLLEDGERENTRIES.LIST>
              <LEDGERNAME>Cash</LEDGERNAME>
              <ISDEEMEDPOSITIVE>No</ISDEEMEDPOSITIVE>
              <AMOUNT>25</AMOUNT>
            </ALLLEDGERENTRIES.LIST>
            <ALLLEDGERENTRIES.LIST>
              <LEDGERNAME>Sales</LEDGERNAME>
              <ISDEEMEDPOSITIVE>Yes</ISDEEMEDPOSITIVE>
              <AMOUNT>-25</AMOUNT>
            </ALLLEDGERENTRIES.LIST>
          </VOUCHER>
        </TALLYMESSAGE>
        <TALLYMESSAGE>
          <VOUCHER>
            <DATE>20220718</DATE>
            <VOUCHERTYPENAME>Credit Note</VOUCHERTYPENAME>
            <PARTYLEDGERNAME>Cash</PARTYLEDGERNAME>
            <VOUCHERNUMBER>MAR222396</VOUCHERNUMBER>
            <ALLLEDGERENTRIES.LIST>
              <LEDGERNAME>Cash</LEDGERNAME>
              <ISDEEMEDPOSITIVE>No</ISDEEMEDPOSITIVE>
              <AMOUNT>36</AMOUNT>
            </ALLLEDGERENTRIES.LIST>
            <ALLLEDGERENTRIES.LIST>
              <LEDGERNAME>Sales</LEDGERNAME>
              <ISDEEMEDPOSITIVE>Yes</ISDEEMEDPOSITIVE>
              <AMOUNT>-36</AMOUNT>
            </ALLLEDGERENTRIES.LIST>
          </VOUCHER>
        </TALLYMESSAGE>
        <TALLYMESSAGE>
          <VOUCHER>
            <DATE>20220718</DATE>
            <VOUCHERTYPENAME>Credit Note</VOUCHERTYPENAME>
            <PARTYLEDGERNAME>Cash</PARTYLEDGERNAME>
            <VOUCHERNUMBER>MAR222397</VOUCHERNUMBER>
            <ALLLEDGERENTRIES.LIST>
              <LEDGERNAME>Cash</LEDGERNAME>
              <ISDEEMEDPOSITIVE>No</ISDEEMEDPOSITIVE>
              <AMOUNT>560</AMOUNT>
            </ALLLEDGERENTRIES.LIST>
            <ALLLEDGERENTRIES.LIST>
              <LEDGERNAME>CGST Payable</LEDGERNAME>
              <ISDEEMEDPOSITIVE>Yes</ISDEEMEDPOSITIVE>
              <AMOUNT>-30</AMOUNT>
            </ALLLEDGERENTRIES.LIST>
            <ALLLEDGERENTRIES.LIST>
              <LEDGERNAME>SGST Payable</LEDGERNAME>
              <ISDEEMEDPOSITIVE>Yes</ISDEEMEDPOSITIVE>
              <AMOUNT>-30</AMOUNT>
            </ALLLEDGERENTRIES.LIST>
            <ALLLEDGERENTRIES.LIST>
              <LEDGERNAME>Sales</LEDGERNAME>
              <ISDEEMEDPOSITIVE>Yes</ISDEEMEDPOSITIVE>
              <AMOUNT>-500</AMOUNT>
            </ALLLEDGERENTRIES.LIST>
          </VOUCHER>
        </TALLYMESSAGE>
        <TALLYMESSAGE>
          <VOUCHER>
            <DATE>20220717</DATE>
            <VOUCHERTYPENAME>Credit Note</VOUCHERTYPENAME>
            <PARTYLEDGERNAME>Cash</PARTYLEDGERNAME>
            <VOUCHERNUMBER>MAR222395</VOUCHERNUMBER>
            <ALLLEDGERENTRIES.LIST>
              <LEDGERNAME>Cash</LEDGERNAME>
              <ISDEEMEDPOSITIVE>No</ISDEEMEDPOSITIVE>
              <AMOUNT>55</AMOUNT>
            </ALLLEDGERENTRIES.LIST>
            <ALLLEDGERENTRIES.LIST>
              <LEDGERNAME>CGST Payable</LEDGERNAME>
              <ISDEEMEDPOSITIVE>Yes</ISDEEMEDPOSITIVE>
              <AMOUNT>-1.31</AMOUNT>
            </ALLLEDGERENTRIES.LIST>
            <ALLLEDGERENTRIES.LIST>
              <LEDGERNAME>SGST Payable</LEDGERNAME>
              <ISDEEMEDPOSITIVE>Yes</ISDEEMEDPOSITIVE>
              <AMOUNT>-1.31</AMOUNT>
            </ALLLEDGERENTRIES.LIST>
            <ALLLEDGERENTRIES.LIST>
              <LEDGERNAME>Sales</LEDGERNAME>
              <ISDEEMEDPOSITIVE>Yes</ISDEEMEDPOSITIVE>
              <AMOUNT>-52.38</AMOUNT>
            </ALLLEDGERENTRIES.LIST>
          </VOUCHER>
        </TALLYMESSAGE>
        <TALLYMESSAGE>
          <VOUCHER>
            <DATE>20220716</DATE>
            <VOUCHERTYPENAME>Credit Note</VOUCHERTYPENAME>
            <PARTYLEDGERNAME>Cash</PARTYLEDGERNAME>
            <VOUCHERNUMBER>MAR222392</VOUCHERNUMBER>
            <ALLLEDGERENTRIES.LIST>
              <LEDGERNAME>Cash</LEDGERNAME>
              <ISDEEMEDPOSITIVE>No</ISDEEMEDPOSITIVE>
              <AMOUNT>41</AMOUNT>
            </ALLLEDGERENTRIES.LIST>
            <ALLLEDGERENTRIES.LIST>
              <LEDGERNAME>CGST Payable</LEDGERNAME>
              <ISDEEMEDPOSITIVE>Yes</ISDEEMEDPOSITIVE>
              <AMOUNT>-3.13</AMOUNT>
            </ALLLEDGERENTRIES.LIST>
            <ALLLEDGERENTRIES.LIST>
              <LEDGERNAME>SGST Payable</LEDGERNAME>
              <ISDEEMEDPOSITIVE>Yes</ISDEEMEDPOSITIVE>
              <AMOUNT>-3.13</AMOUNT>
            </ALLLEDGERENTRIES.LIST>
            <ALLLEDGERENTRIES.LIST>
              <LEDGERNAME>Sales</LEDGERNAME>
              <ISDEEMEDPOSITIVE>Yes</ISDEEMEDPOSITIVE>
              <AMOUNT>-34.74</AMOUNT>
            </ALLLEDGERENTRIES.LIST>
          </VOUCHER>
        </TALLYMESSAGE>
        <TALLYMESSAGE>
          <VOUCHER>
            <DATE>20220716</DATE>
            <VOUCHERTYPENAME>Credit Note</VOUCHERTYPENAME>
            <PARTYLEDGERNAME>Cash</PARTYLEDGERNAME>
            <VOUCHERNUMBER>MAR222394</VOUCHERNUMBER>
            <ALLLEDGERENTRIES.LIST>
              <LEDGERNAME>Cash</LEDGERNAME>
              <ISDEEMEDPOSITIVE>No</ISDEEMEDPOSITIVE>
              <AMOUNT>45</AMOUNT>
            </ALLLEDGERENTRIES.LIST>
            <ALLLEDGERENTRIES.LIST>
              <LEDGERNAME>CGST Payable</LEDGERNAME>
              <ISDEEMEDPOSITIVE>Yes</ISDEEMEDPOSITIVE>
              <AMOUNT>-3.43</AMOUNT>
            </ALLLEDGERENTRIES.LIST>
            <ALLLEDGERENTRIES.LIST>
              <LEDGERNAME>SGST Payable</LEDGERNAME>
              <ISDEEMEDPOSITIVE>Yes</ISDEEMEDPOSITIVE>
              <AMOUNT>-3.43</AMOUNT>
            </ALLLEDGERENTRIES.LIST>
            <ALLLEDGERENTRIES.LIST>
              <LEDGERNAME>Sales</LEDGERNAME>
              <ISDEEMEDPOSITIVE>Yes</ISDEEMEDPOSITIVE>
              <AMOUNT>-38.14</AMOUNT>
            </ALLLEDGERENTRIES.LIST>
          </VOUCHER>
        </TALLYMESSAGE>
        <TALLYMESSAGE>
          <VOUCHER>
            <DATE>20220716</DATE>
            <VOUCHERTYPENAME>Credit Note</VOUCHERTYPENAME>
            <PARTYLEDGERNAME>Cash</PARTYLEDGERNAME>
            <VOUCHERNUMBER>MAR222393</VOUCHERNUMBER>
            <ALLLEDGERENTRIES.LIST>
              <LEDGERNAME>Cash</LEDGERNAME>
              <ISDEEMEDPOSITIVE>No</ISDEEMEDPOSITIVE>
              <AMOUNT>99</AMOUNT>
            </ALLLEDGERENTRIES.LIST>
            <ALLLEDGERENTRIES.LIST>
              <LEDGERNAME>CGST Payable</LEDGERNAME>
              <ISDEEMEDPOSITIVE>Yes</ISDEEMEDPOSITIVE>
              <AMOUNT>-5.3</AMOUNT>
            </ALLLEDGERENTRIES.LIST>
            <ALLLEDGERENTRIES.LIST>
              <LEDGERNAME>SGST Payable</LEDGERNAME>
              <ISDEEMEDPOSITIVE>Yes</ISDEEMEDPOSITIVE>
              <AMOUNT>-5.3</AMOUNT>
            </ALLLEDGERENTRIES.LIST>
            <ALLLEDGERENTRIES.LIST>
              <LEDGERNAME>Sales</LEDGERNAME>
              <ISDEEMEDPOSITIVE>Yes</ISDEEMEDPOSITIVE>
              <AMOUNT>-88.4</AMOUNT>
            </ALLLEDGERENTRIES.LIST>
          </VOUCHER>
        </TALLYMESSAGE>
        <TALLYMESSAGE>
          <VOUCHER>
            <DATE>20220714</DATE>
            <VOUCHERTYPENAME>Credit Note</VOUCHERTYPENAME>
            <PARTYLEDGERNAME>Cash</PARTYLEDGERNAME>
            <VOUCHERNUMBER>MAR222389</VOUCHERNUMBER>
            <ALLLEDGERENTRIES.LIST>
              <LEDGERNAME>Cash</LEDGERNAME>
              <ISDEEMEDPOSITIVE>No</ISDEEMEDPOSITIVE>
              <AMOUNT>28</AMOUNT>
            </ALLLEDGERENTRIES.LIST>
            <ALLLEDGERENTRIES.LIST>
              <LEDGERNAME>CGST Payable</LEDGERNAME>
              <ISDEEMEDPOSITIVE>Yes</ISDEEMEDPOSITIVE>
              <AMOUNT>-2.14</AMOUNT>
            </ALLLEDGERENTRIES.LIST>
            <ALLLEDGERENTRIES.LIST>
              <LEDGERNAME>SGST Payable</LEDGERNAME>
              <ISDEEMEDPOSITIVE>Yes</ISDEEMEDPOSITIVE>
              <AMOUNT>-2.14</AMOUNT>
            </ALLLEDGERENTRIES.LIST>
            <ALLLEDGERENTRIES.LIST>
              <LEDGERNAME>Sales</LEDGERNAME>
              <ISDEEMEDPOSITIVE>Yes</ISDEEMEDPOSITIVE>
              <AMOUNT>-23.72</AMOUNT>
            </ALLLEDGERENTRIES.LIST>
          </VOUCHER>
        </TALLYMESSAGE>
        <TALLYMESSAGE>
          <VOUCHER>
            <DATE>20220714</DATE>
            <VOUCHERTYPENAME>Credit Note</VOUCHERTYPENAME>
            <PARTYLEDGERNAME>Cash</PARTYLEDGERNAME>
            <VOUCHERNUMBER>MAR222391</VOUCHERNUMBER>
            <ALLLEDGERENTRIES.LIST>
              <LEDGERNAME>Cash</LEDGERNAME>
              <ISDEEMEDPOSITIVE>No</ISDEEMEDPOSITIVE>
              <AMOUNT>90</AMOUNT>
            </ALLLEDGERENTRIES.LIST>
            <ALLLEDGERENTRIES.LIST>
              <LEDGERNAME>CGST Payable</LEDGERNAME>
              <ISDEEMEDPOSITIVE>Yes</ISDEEMEDPOSITIVE>
              <AMOUNT>-4.82</AMOUNT>
            </ALLLEDGERENTRIES.LIST>
            <ALLLEDGERENTRIES.LIST>
              <LEDGERNAME>SGST Payable</LEDGERNAME>
              <ISDEEMEDPOSITIVE>Yes</ISDEEMEDPOSITIVE>
              <AMOUNT>-4.82</AMOUNT>
            </ALLLEDGERENTRIES.LIST>
            <ALLLEDGERENTRIES.LIST>
              <LEDGERNAME>Sales</LEDGERNAME>
              <ISDEEMEDPOSITIVE>Yes</ISDEEMEDPOSITIVE>
              <AMOUNT>-80.36</AMOUNT>
            </ALLLEDGERENTRIES.LIST>
          </VOUCHER>
        </TALLYMESSAGE>
        <TALLYMESSAGE>
          <VOUCHER>
            <DATE>20220714</DATE>
            <VOUCHERTYPENAME>Credit Note</VOUCHERTYPENAME>
            <PARTYLEDGERNAME>Cash</PARTYLEDGERNAME>
            <VOUCHERNUMBER>MAR222390</VOUCHERNUMBER>
            <ALLLEDGERENTRIES.LIST>
              <LEDGERNAME>Cash</LEDGERNAME>
              <ISDEEMEDPOSITIVE>No</ISDEEMEDPOSITIVE>
              <AMOUNT>46</AMOUNT>
            </ALLLEDGERENTRIES.LIST>
            <ALLLEDGERENTRIES.LIST>
              <LEDGERNAME>CGST Payable</LEDGERNAME>
              <ISDEEMEDPOSITIVE>Yes</ISDEEMEDPOSITIVE>
              <AMOUNT>-3.51</AMOUNT>
            </ALLLEDGERENTRIES.LIST>
            <ALLLEDGERENTRIES.LIST>
              <LEDGERNAME>SGST Payable</LEDGERNAME>
              <ISDEEMEDPOSITIVE>Yes</ISDEEMEDPOSITIVE>
              <AMOUNT>-3.51</AMOUNT>
            </ALLLEDGERENTRIES.LIST>
            <ALLLEDGERENTRIES.LIST>
              <LEDGERNAME>Sales</LEDGERNAME>
              <ISDEEMEDPOSITIVE>Yes</ISDEEMEDPOSITIVE>
              <AMOUNT>-38.98</AMOUNT>
            </ALLLEDGERENTRIES.LIST>
          </VOUCHER>
        </TALLYMESSAGE>
        <TALLYMESSAGE>
          <VOUCHER>
            <DATE>20220714</DATE>
            <VOUCHERTYPENAME>Credit Note</VOUCHERTYPENAME>
            <PARTYLEDGERNAME>Cash</PARTYLEDGERNAME>
            <VOUCHERNUMBER>MF222320</VOUCHERNUMBER>
            <ALLLEDGERENTRIES.LIST>
              <LEDGERNAME>Cash</LEDGERNAME>
              <ISDEEMEDPOSITIVE>No</ISDEEMEDPOSITIVE>
              <AMOUNT>550</AMOUNT>
            </ALLLEDGERENTRIES.LIST>
            <ALLLEDGERENTRIES.LIST>
              <LEDGERNAME>CGST Payable</LEDGERNAME>
              <ISDEEMEDPOSITIVE>Yes</ISDEEMEDPOSITIVE>
              <AMOUNT>-41.95</AMOUNT>
            </ALLLEDGERENTRIES.LIST>
            <ALLLEDGERENTRIES.LIST>
              <LEDGERNAME>SGST Payable</LEDGERNAME>
              <ISDEEMEDPOSITIVE>Yes</ISDEEMEDPOSITIVE>
              <AMOUNT>-41.95</AMOUNT>
            </ALLLEDGERENTRIES.LIST>
            <ALLLEDGERENTRIES.LIST>
              <LEDGERNAME>Sales</LEDGERNAME>
              <ISDEEMEDPOSITIVE>Yes</ISDEEMEDPOSITIVE>
              <AMOUNT>-466.1</AMOUNT>
            </ALLLEDGERENTRIES.LIST>
          </VOUCHER>
        </TALLYMESSAGE>
        <TALLYMESSAGE>
          <VOUCHER>
            <DATE>20220713</DATE>
            <VOUCHERTYPENAME>Credit Note</VOUCHERTYPENAME>
            <PARTYLEDGERNAME>Cash</PARTYLEDGERNAME>
            <VOUCHERNUMBER>MAR222388</VOUCHERNUMBER>
            <ALLLEDGERENTRIES.LIST>
              <LEDGERNAME>Cash</LEDGERNAME>
              <ISDEEMEDPOSITIVE>No</ISDEEMEDPOSITIVE>
              <AMOUNT>38</AMOUNT>
            </ALLLEDGERENTRIES.LIST>
            <ALLLEDGERENTRIES.LIST>
              <LEDGERNAME>CGST Payable</LEDGERNAME>
              <ISDEEMEDPOSITIVE>Yes</ISDEEMEDPOSITIVE>
              <AMOUNT>-2.9</AMOUNT>
            </ALLLEDGERENTRIES.LIST>
            <ALLLEDGERENTRIES.LIST>
              <LEDGERNAME>SGST Payable</LEDGERNAME>
              <ISDEEMEDPOSITIVE>Yes</ISDEEMEDPOSITIVE>
              <AMOUNT>-2.9</AMOUNT>
            </ALLLEDGERENTRIES.LIST>
            <ALLLEDGERENTRIES.LIST>
              <LEDGERNAME>Sales</LEDGERNAME>
              <ISDEEMEDPOSITIVE>Yes</ISDEEMEDPOSITIVE>
              <AMOUNT>-32.2</AMOUNT>
            </ALLLEDGERENTRIES.LIST>
          </VOUCHER>
        </TALLYMESSAGE>
        <TALLYMESSAGE>
          <VOUCHER>
            <DATE>20220712</DATE>
            <VOUCHERTYPENAME>Credit Note</VOUCHERTYPENAME>
            <PARTYLEDGERNAME>Cash</PARTYLEDGERNAME>
            <VOUCHERNUMBER>MF222319</VOUCHERNUMBER>
            <ALLLEDGERENTRIES.LIST>
              <LEDGERNAME>Cash</LEDGERNAME>
              <ISDEEMEDPOSITIVE>No</ISDEEMEDPOSITIVE>
              <AMOUNT>40</AMOUNT>
            </ALLLEDGERENTRIES.LIST>
            <ALLLEDGERENTRIES.LIST>
              <LEDGERNAME>Sales</LEDGERNAME>
              <ISDEEMEDPOSITIVE>Yes</ISDEEMEDPOSITIVE>
              <AMOUNT>-40</AMOUNT>
            </ALLLEDGERENTRIES.LIST>
          </VOUCHER>
        </TALLYMESSAGE>
        <TALLYMESSAGE>
          <VOUCHER>
            <DATE>20220711</DATE>
            <VOUCHERTYPENAME>Credit Note</VOUCHERTYPENAME>
            <PARTYLEDGERNAME>Cash</PARTYLEDGERNAME>
            <VOUCHERNUMBER>MB222343</VOUCHERNUMBER>
            <ALLLEDGERENTRIES.LIST>
              <LEDGERNAME>Cash</LEDGERNAME>
              <ISDEEMEDPOSITIVE>No</ISDEEMEDPOSITIVE>
              <AMOUNT>1541</AMOUNT>
            </ALLLEDGERENTRIES.LIST>
            <ALLLEDGERENTRIES.LIST>
              <LEDGERNAME>CGST Payable</LEDGERNAME>
              <ISDEEMEDPOSITIVE>Yes</ISDEEMEDPOSITIVE>
              <AMOUNT>-72.93</AMOUNT>
            </ALLLEDGERENTRIES.LIST>
            <ALLLEDGERENTRIES.LIST>
              <LEDGERNAME>SGST Payable</LEDGERNAME>
              <ISDEEMEDPOSITIVE>Yes</ISDEEMEDPOSITIVE>
              <AMOUNT>-72.93</AMOUNT>
            </ALLLEDGERENTRIES.LIST>
            <ALLLEDGERENTRIES.LIST>
              <LEDGERNAME>Sales</LEDGERNAME>
              <ISDEEMEDPOSITIVE>Yes</ISDEEMEDPOSITIVE>
              <AMOUNT>-1395.14</AMOUNT>
            </ALLLEDGERENTRIES.LIST>
          </VOUCHER>
        </TALLYMESSAGE>
        <TALLYMESSAGE>
          <VOUCHER>
            <DATE>20220708</DATE>
            <VOUCHERTYPENAME>Credit Note</VOUCHERTYPENAME>
            <PARTYLEDGERNAME>Cash</PARTYLEDGERNAME>
            <VOUCHERNUMBER>MAR222387</VOUCHERNUMBER>
            <ALLLEDGERENTRIES.LIST>
              <LEDGERNAME>Cash</LEDGERNAME>
              <ISDEEMEDPOSITIVE>No</ISDEEMEDPOSITIVE>
              <AMOUNT>270</AMOUNT>
            </ALLLEDGERENTRIES.LIST>
            <ALLLEDGERENTRIES.LIST>
              <LEDGERNAME>CGST Payable</LEDGERNAME>
              <ISDEEMEDPOSITIVE>Yes</ISDEEMEDPOSITIVE>
              <AMOUNT>-14.46</AMOUNT>
            </ALLLEDGERENTRIES.LIST>
            <ALLLEDGERENTRIES.LIST>
              <LEDGERNAME>SGST Payable</LEDGERNAME>
              <ISDEEMEDPOSITIVE>Yes</ISDEEMEDPOSITIVE>
              <AMOUNT>-14.46</AMOUNT>
            </ALLLEDGERENTRIES.LIST>
            <ALLLEDGERENTRIES.LIST>
              <LEDGERNAME>Sales</LEDGERNAME>
              <ISDEEMEDPOSITIVE>Yes</ISDEEMEDPOSITIVE>
              <AMOUNT>-241.08</AMOUNT>
            </ALLLEDGERENTRIES.LIST>
          </VOUCHER>
        </TALLYMESSAGE>
        <TALLYMESSAGE>
          <VOUCHER>
            <DATE>20220708</DATE>
            <VOUCHERTYPENAME>Credit Note</VOUCHERTYPENAME>
            <PARTYLEDGERNAME>Cash</PARTYLEDGERNAME>
            <VOUCHERNUMBER>MAR222386</VOUCHERNUMBER>
            <ALLLEDGERENTRIES.LIST>
              <LEDGERNAME>Cash</LEDGERNAME>
              <ISDEEMEDPOSITIVE>No</ISDEEMEDPOSITIVE>
              <AMOUNT>90</AMOUNT>
            </ALLLEDGERENTRIES.LIST>
            <ALLLEDGERENTRIES.LIST>
              <LEDGERNAME>CGST Payable</LEDGERNAME>
              <ISDEEMEDPOSITIVE>Yes</ISDEEMEDPOSITIVE>
              <AMOUNT>-6.86</AMOUNT>
            </ALLLEDGERENTRIES.LIST>
            <ALLLEDGERENTRIES.LIST>
              <LEDGERNAME>SGST Payable</LEDGERNAME>
              <ISDEEMEDPOSITIVE>Yes</ISDEEMEDPOSITIVE>
              <AMOUNT>-6.86</AMOUNT>
            </ALLLEDGERENTRIES.LIST>
            <ALLLEDGERENTRIES.LIST>
              <LEDGERNAME>Sales</LEDGERNAME>
              <ISDEEMEDPOSITIVE>Yes</ISDEEMEDPOSITIVE>
              <AMOUNT>-76.28</AMOUNT>
            </ALLLEDGERENTRIES.LIST>
          </VOUCHER>
        </TALLYMESSAGE>
        <TALLYMESSAGE>
          <VOUCHER>
            <DATE>20220707</DATE>
            <VOUCHERTYPENAME>Credit Note</VOUCHERTYPENAME>
            <PARTYLEDGERNAME>Cash</PARTYLEDGERNAME>
            <VOUCHERNUMBER>MAR222385</VOUCHERNUMBER>
            <ALLLEDGERENTRIES.LIST>
              <LEDGERNAME>Cash</LEDGERNAME>
              <ISDEEMEDPOSITIVE>No</ISDEEMEDPOSITIVE>
              <AMOUNT>50</AMOUNT>
            </ALLLEDGERENTRIES.LIST>
            <ALLLEDGERENTRIES.LIST>
              <LEDGERNAME>CGST Payable</LEDGERNAME>
              <ISDEEMEDPOSITIVE>Yes</ISDEEMEDPOSITIVE>
              <AMOUNT>-3.81</AMOUNT>
            </ALLLEDGERENTRIES.LIST>
            <ALLLEDGERENTRIES.LIST>
              <LEDGERNAME>SGST Payable</LEDGERNAME>
              <ISDEEMEDPOSITIVE>Yes</ISDEEMEDPOSITIVE>
              <AMOUNT>-3.81</AMOUNT>
            </ALLLEDGERENTRIES.LIST>
            <ALLLEDGERENTRIES.LIST>
              <LEDGERNAME>Sales</LEDGERNAME>
              <ISDEEMEDPOSITIVE>Yes</ISDEEMEDPOSITIVE>
              <AMOUNT>-42.38</AMOUNT>
            </ALLLEDGERENTRIES.LIST>
          </VOUCHER>
        </TALLYMESSAGE>
        <TALLYMESSAGE>
          <VOUCHER>
            <DATE>20220705</DATE>
            <VOUCHERTYPENAME>Credit Note</VOUCHERTYPENAME>
            <PARTYLEDGERNAME>Cash</PARTYLEDGERNAME>
            <VOUCHERNUMBER>MF222318</VOUCHERNUMBER>
            <ALLLEDGERENTRIES.LIST>
              <LEDGERNAME>Cash</LEDGERNAME>
              <ISDEEMEDPOSITIVE>No</ISDEEMEDPOSITIVE>
              <AMOUNT>140</AMOUNT>
            </ALLLEDGERENTRIES.LIST>
            <ALLLEDGERENTRIES.LIST>
              <LEDGERNAME>CGST Payable</LEDGERNAME>
              <ISDEEMEDPOSITIVE>Yes</ISDEEMEDPOSITIVE>
              <AMOUNT>-10.68</AMOUNT>
            </ALLLEDGERENTRIES.LIST>
            <ALLLEDGERENTRIES.LIST>
              <LEDGERNAME>SGST Payable</LEDGERNAME>
              <ISDEEMEDPOSITIVE>Yes</ISDEEMEDPOSITIVE>
              <AMOUNT>-10.68</AMOUNT>
            </ALLLEDGERENTRIES.LIST>
            <ALLLEDGERENTRIES.LIST>
              <LEDGERNAME>Sales</LEDGERNAME>
              <ISDEEMEDPOSITIVE>Yes</ISDEEMEDPOSITIVE>
              <AMOUNT>-118.64</AMOUNT>
            </ALLLEDGERENTRIES.LIST>
          </VOUCHER>
        </TALLYMESSAGE>
        <TALLYMESSAGE>
          <VOUCHER>
            <DATE>20220703</DATE>
            <REFERENCE>MAR-222312428</REFERENCE>
            <VOUCHERTYPENAME>Credit Note</VOUCHERTYPENAME>
            <PARTYLEDGERNAME>Cash</PARTYLEDGERNAME>
            <VOUCHERNUMBER>MAR222384</VOUCHERNUMBER>
            <ALLLEDGERENTRIES.LIST>
              <LEDGERNAME>Cash</LEDGERNAME>
              <ISDEEMEDPOSITIVE>No</ISDEEMEDPOSITIVE>
              <AMOUNT>164</AMOUNT>
            </ALLLEDGERENTRIES.LIST>
            <ALLLEDGERENTRIES.LIST>
              <LEDGERNAME>CGST Payable</LEDGERNAME>
              <ISDEEMEDPOSITIVE>Yes</ISDEEMEDPOSITIVE>
              <AMOUNT>-8.79</AMOUNT>
            </ALLLEDGERENTRIES.LIST>
            <ALLLEDGERENTRIES.LIST>
              <LEDGERNAME>SGST Payable</LEDGERNAME>
              <ISDEEMEDPOSITIVE>Yes</ISDEEMEDPOSITIVE>
              <AMOUNT>-8.79</AMOUNT>
            </ALLLEDGERENTRIES.LIST>
            <ALLLEDGERENTRIES.LIST>
              <LEDGERNAME>Sales</LEDGERNAME>
              <ISDEEMEDPOSITIVE>Yes</ISDEEMEDPOSITIVE>
              <AMOUNT>-146.42</AMOUNT>
            </ALLLEDGERENTRIES.LIST>
          </VOUCHER>
        </TALLYMESSAGE>
      </REQUESTDATA>
    </IMPORTDATA>
  </BODY>
</ENVELOPE>