<?xml version="1.0" encoding="utf-8"?>
<ENVELOPE>
  <BODY>
    <IMPORTDATA>
      <REQUESTDATA>
        <TALLYMESSAGE>
          <VOUCHER>
            <DATE>20220928</DATE>
            <VOUCHERTYPENAME>Journal</VOUCHERTYPENAME>
            <PARTYLEDGERNAME>Discount Given</PARTYLEDGERNAME>
            <VOUCHERNUMBER>MAR22231</VOUCHERNUMBER>
            <ALLLEDGERENTRIES.LIST>
              <LEDGERNAME>Discount Given</LEDGERNAME>
              <ISDEEMEDPOSITIVE>No</ISDEEMEDPOSITIVE>
              <AMOUNT>17520</AMOUNT>
            </ALLLEDGERENTRIES.LIST>
            <ALLLEDGERENTRIES.LIST>
              <LEDGERNAME>SRI MOOKAMBIGAI PAPER COMPANY</LEDGERNAME>
              <ISDEEMEDPOSITIVE>Yes</ISDEEMEDPOSITIVE>
              <AMOUNT>-17520</AMOUNT>
            </ALLLEDGERENTRIES.LIST>
          </VOUCHER>
        </TALLYMESSAGE>
        <TALLYMESSAGE>
          <VOUCHER>
            <DATE>20220920</DATE>
            <VOUCHERTYPENAME>Journal</VOUCHERTYPENAME>
            <PARTYLEDGERNAME>Cash</PARTYLEDGERNAME>
            <VOUCHERNUMBER>MB2223283</VOUCHERNUMBER>
            <ALLLEDGERENTRIES.LIST>
              <LEDGERNAME>Cash</LEDGERNAME>
              <ISDEEMEDPOSITIVE>No</ISDEEMEDPOSITIVE>
              <AMOUNT>3421.03</AMOUNT>
            </ALLLEDGERENTRIES.LIST>
            <ALLLEDGERENTRIES.LIST>
              <LEDGERNAME>HDFC</LEDGERNAME>
              <ISDEEMEDPOSITIVE>Yes</ISDEEMEDPOSITIVE>
              <AMOUNT>-3421.03</AMOUNT>
            </ALLLEDGERENTRIES.LIST>
          </VOUCHER>
        </TALLYMESSAGE>
        <TALLYMESSAGE>
          <VOUCHER>
            <DATE>20220920</DATE>
            <VOUCHERTYPENAME>Journal</VOUCHERTYPENAME>
            <PARTYLEDGERNAME>Cash</PARTYLEDGERNAME>
            <VOUCHERNUMBER>MB2223282</VOUCHERNUMBER>
            <ALLLEDGERENTRIES.LIST>
              <LEDGERNAME>Cash</LEDGERNAME>
              <ISDEEMEDPOSITIVE>No</ISDEEMEDPOSITIVE>
              <AMOUNT>47317.95</AMOUNT>
            </ALLLEDGERENTRIES.LIST>
            <ALLLEDGERENTRIES.LIST>
              <LEDGERNAME>HDFC</LEDGERNAME>
              <ISDEEMEDPOSITIVE>Yes</ISDEEMEDPOSITIVE>
              <AMOUNT>-47317.95</AMOUNT>
            </ALLLEDGERENTRIES.LIST>
          </VOUCHER>
        </TALLYMESSAGE>
      </REQUESTDATA>
    </IMPORTDATA>
  </BODY>
</ENVELOPE>